stamp,angular_velocity/x,angular_velocity/y,angular_velocity/z,linear_acceleration/x,linear_acceleration/y,linear_acceleration/z,pitch_deg,roll_deg,orientation/w,orientation/x,orientation/y,yaw_deg,orientation/z
1686731143.90127,0,0,0,0,0,9.8,0,0,1,0,0,0,0
1686731143.94297,0,0,0,0,0,9.8,0,0,1,0,0,0,0
1686731143.98159,0,0,0,0,0,9.8,0,0,1,0,0,0,0
1686731144.0217,0,0,0,0,0,9.8,0,0,1,0,0,0,0
1686731144.06154,0,0,0,0,0,9.8,0,0,1,0,0,0,0
1686731144.10152,0,0,0,0,0,9.8,0,0,1,0,0,0,0
1686731144.14187,0,0,0,0,0,9.8,0,0,1,0,0,0,0
1686731144.18252,0,0,0,0,0,9.8,0,0,1,0,0,0,0
1686731144.22136,0,0,0,0,0,9.8,0,0,1,0,0,0,0
1686731144.25803,0,0,0,0,0,9.8,0,0,1,0,0,0,0
1686731144.29807,0,0,0,36.91099024,0,9.8,0,0,1,0,0,0,0
1686731144.33818,0,0.630854392,0,14.241560794,0,8.069864339,0.812089963,0,0.999974889,0,0.007086763,0,0
1686731144.37922,0,1.060707401,0,3.646621492,0,6.553303168,2.865083912,0,0.999687452,0,0.024999969,0,0
1686731144.42201,0,1.267034215,0,0.125875119,0,5.78334092,5.592185229,0,0.998809466,0,0.048781654,0,0
1686731144.46209,0,1.360740329,0,-1.195401852,0,5.395977632,8.630536047,0,0.997165118,0,0.075244451,0,0
1686731144.50191,0,1.420732222,0,-1.939799047,0,5.101665992,11.831938946,0,0.994674128,0,0.103069776,0,0
1686731144.54147,0,1.45068497,0,-2.540451156,0,4.873468825,15.130788047,0,0.991295241,0,0.131657684,0,0
1686731144.58215,0,1.46494845,0,-3.101233936,0,4.662480213,18.475863556,0,0.987030202,0,0.160534671,0,0
1686731144.62177,0,1.056623218,0,-3.56259121,0,5.787768016,21.324153678,0,0.982735471,0,0.185016199,0,0
1686731144.66195,0,0.819429831,0,-3.892974741,0,6.402214016,23.407695524,0,0.97920919,0,0.202853056,0,0
1686731144.70222,0,0.521331897,0,-4.125005578,0,7.240934613,24.893076987,0,0.976497537,0,0.215528558,0,0
1686731144.74246,0,0.359813734,0,-4.274126319,0,7.680995147,25.857676182,0,0.974648705,0,0.223740704,0,0
1686731144.78084,0,0.282014108,0,-4.383663549,0,7.873092099,26.57142358,0,0.973236211,0,0.229807042,0,0
1686731144.82075,0,0.101701997,0,-4.44694444,0,8.411354893,26.985819043,0,0.972398802,0,0.233325029,0,0
1686731144.86126,0,0.000920887,0,-4.460572877,0,8.723099991,27.075263304,0,0.972216385,0,0.234083962,0,0
1686731144.90087,0,-0.090544922,0,-4.442177477,0,9.02171934,26.954540957,0,0.972462453,0,0.233059601,0,0
1686731144.94083,0,-0.138787091,0,-4.400005337,0,9.19559234,26.67826949,0,0.973021515,0,0.230714394,0,0
1686731144.97803,0,-0.162024046,0,-4.346248648,0,9.295879276,26.327074129,0,0.973724028,0,0.22773124,0,0
1686731145.01805,0,-0.184389835,0,-4.284329115,0,9.396974317,25.923865233,0,0.974519307,0,0.224303632,0,0
1686731145.05902,0,-0.195162828,0,-4.216835027,0,9.463531322,25.485920514,0,0.97536943,0,0.220577596,0,0
1686731145.10077,0,-0.192856204,0,-4.148157377,0,9.488648025,25.041927816,0,0.976216749,0,0.216796816,0,0
1686731145.14059,0,-0.191745167,0,-4.079787759,0,9.516757275,24.601517485,0,0.977042753,0,0.213043325,0,0
1686731145.18088,0,-0.19121001,0,-4.011446373,0,9.546040356,24.162832683,0,0.977851174,0,0.209301412,0,0
1686731145.22244,0,-0.178825981,0,-3.945373035,0,9.536229351,23.740134788,0,0.978616577,0,0.205692962,0,0
1686731145.26066,0,-0.171678469,0,-3.882704548,0,9.540928404,23.340482927,0,0.979328003,0,0.202278675,0,0
1686731145.30076,0,-0.163547198,0,-3.822518502,0,9.540947621,22.957791553,0,0.979998073,0,0.199006977,0,0
1686731145.34071,0,-0.159173397,0,-3.764389133,0,9.551520152,22.589202813,0,0.980633117,0,0.195853747,0,0
1686731145.381,0,-0.157066656,0,-3.70717953,0,9.568447852,22.227406928,0,0.98124659,0,0.192756657,0,0
1686731145.4201,0,-0.158358964,0,-3.649883778,0,9.595737817,21.865999532,0,0.981849639,0,0.189660975,0,0
1686731145.461,0,-0.159206401,0,-3.592007975,0,9.621430426,21.501859708,0,0.98244737,0,0.18653998,0,0
1686731145.50009,0,-0.166748046,0,-3.532354718,0,9.668554637,21.127488134,0,0.983051554,0,0.183329327,0,0
1686731145.54016,0,-0.171076254,0,-3.470318427,0,9.705972339,20.739160935,0,0.983667174,0,0.179996921,0,0
1686731145.57997,0,-0.173161033,0,-3.407044715,0,9.736274485,20.344111692,0,0.984281858,0,0.17660471,0,0
1686731145.62079,0,-0.191669863,0,-3.339570637,0,9.819542002,19.923946778,0,0.984922785,0,0.172994533,0,0
1686731145.66087,0,-0.202291988,0,-3.266394435,0,9.879328286,19.469532491,0,0.985601051,0,0.169087459,0,0
1686731145.70118,0,-0.223432526,0,-3.187105793,0,9.973829108,18.978593742,0,0.986316416,0,0.16486336,0,0
1686731145.7408,0,-0.235177907,0,-3.10143921,0,10.039991448,18.44978386,0,0.987066712,0,0.16031003,0,0
1686731145.78086,0,-0.240835337,0,-3.012539598,0,10.087069703,17.902732484,0,0.987820769,0,0.15559604,0,0
1686731145.82104,0,-0.270511581,0,-2.916430977,0,10.211416396,17.313210227,0,0.988608166,0,0.150512108,0,0
1686731145.86164,0,-0.287433909,0,-2.811074425,0,10.297122468,16.669124587,0,0.98943853,0,0.144953082,0,0
1686731145.90116,0,-0.31554301,0,-2.696940239,0,10.419432849,15.973813036,0,0.990299847,0,0.138946797,0,0
1686731145.93835,0,-0.331028567,0,-2.574169478,0,10.502683444,15.228570743,0,0.991182534,0,0.132503523,0,0
1686731145.9776,0,-0.338487538,0,-2.446980123,0,10.559979994,14.459278169,0,0.992049734,0,0.125846437,0,0
1686731146.0173,0,-0.370341905,0,-2.310729682,0,10.69480643,13.638121028,0,0.992926064,0,0.11873429,0,0
1686731146.05776,0,-0.38568529,0,-2.165752787,0,10.77733799,12.767491555,0,0.993799502,0,0.111187006,0,0
1686731146.09875,0,-0.393075781,0,-2.016287357,0,10.833352882,11.873032604,0,0.994637102,0,0.10342647,0,0
1686731146.14133,0,-0.414122955,0,-1.860217818,0,10.931400579,10.942171525,0,0.99544444,0,0.095343415,0,0
1686731146.18016,0,-0.424260806,0,-1.698151123,0,10.993380712,9.978622536,0,0.99621094,0,0.086969898,0,0
1686731146.22081,0,-0.43020897,0,-1.532719471,0,11.039839525,8.997997555,0,0.996918705,0,0.078441675,0,0
1686731146.26077,0,-0.433177893,0,-1.36521748,0,11.074270088,8.007799748,0,0.9975593,0,0.069824373,0,0
1686731146.30062,0,-0.425765293,0,-1.19840114,0,11.072838338,7.024042785,0,0.998121968,0,0.06125796,0,0
1686731146.34086,0,-0.421332576,0,-1.033662552,0,11.077704949,6.054578423,0,0.998604495,0,0.052811584,0,0
1686731146.38079,0,-0.419197457,0,-0.86980091,0,11.08694276,5.091998417,0,0.99901288,0,0.044421447,0,0
1686731146.4206,0,-0.388260041,0,-0.712636463,0,11.001840958,4.170115582,0,0.999337916,0,0.036383092,0,0
1686731146.46164,0,-0.37044182,0,-0.565098189,0,10.955133675,3.305684794,0,0.999583939,0,0.028843541,0,0
1686731146.50103,0,-0.332735949,0,-0.428380151,0,10.842836248,2.505326308,0,0.999761012,0,0.021861355,0,0
1686731146.54008,0,-0.311734156,0,-0.303155655,0,10.781099888,1.772684792,0,0.999880348,0,0.015468976,0,0
1686731146.58006,0,-0.301618163,0,-0.183459601,0,10.752083013,1.072660706,0,0.999956189,0,0.009360594,0,0
1686731146.62083,0,-0.249461194,0,-0.076531227,0,10.588566729,0.447444986,0,0.999992377,0,0.003904684,0,0
1686731146.66248,0,-0.21972775,0,0.014008349,0,10.494830144,-0.081899953,0,0.999999745,0,-0.000714712,0,0
1686731146.70091,0,-0.172773143,0,0.089672966,0,10.345946375,-0.524281041,0,0.999989534,0,-0.004575199,0,0
1686731146.74053,0,-0.146974257,0,0.15110604,0,10.263608391,-0.883477698,0,0.99997028,0,-0.007709721,0,0
1686731146.77975,0,-0.134547635,0,0.205681467,0,10.22331833,-1.202606664,0,0.999944931,0,-0.01049453,0,0
1686731146.82056,0,-0.088514216,0,0.248392292,0,10.076758126,-1.452383089,0,0.99991968,0,-0.012674094,0,0
1686731146.86101,0,-0.06243598,0,0.276722321,0,9.993532226,-1.618074367,0,0.999900309,0,-0.014119893,0,0
1686731146.90087,0,-0.027907067,0,0.293431854,0,9.883855936,-1.715808156,0,0.999887903,0,-0.014972691,0,0
1686731146.94033,0,-0.00913329,0,0.299791831,0,9.82429546,-1.753008861,0,0.99988299,0,-0.015297292,0,0
1686731146.98129,0,-0.000090473,0,0.301166974,0,9.795657378,-1.761052423,0,0.999881913,0,-0.015367477,0,0
1686731147.02074,0,0.024734498,0,0.295767317,0,9.717318454,-1.729468635,0,0.999886111,0,-0.015091888,0,0
1686731147.06082,0,0.038688028,0,0.282675504,0,9.673580057,-1.652893885,0,0.999895973,0,-0.01442372,0,0
1686731147.09992,0,0.05316525,0,0.264220463,0,9.62831421,-1.544954292,0,0.999909116,0,-0.013481861,0,0
1686731147.13822,0,0.06089486,0,0.24150293,0,9.604457394,-1.412091785,0,0.999924075,0,-0.012322514,0,0
1686731147.17899,0,0.064618003,0,0.216731295,0,9.593263085,-1.267224589,0,0.999938854,0,-0.011058395,0,0
1686731147.21998,0,0.069058519,0,0.190324233,0,9.579769487,-1.112802133,0,0.999952848,0,-0.009710878,0,0
1686731147.26092,0,0.071197394,0,0.162736365,0,9.573502798,-0.951483209,0,0.999965528,0,-0.008303162,0,0
1686731147.30094,0,0.069763369,0,0.13510583,0,9.578457507,-0.789922355,0,0.999976241,0,-0.006893318,0,0
1686731147.34086,0,0.068832342,0,0.107987651,0,9.58173804,-0.631363454,0,0.999984822,0,-0.005509658,0,0
1686731147.38213,0,0.068383891,0,0.081115956,0,9.583415439,-0.474250511,0,0.999991436,0,-0.004138605,0,0
1686731147.42074,0,0.060695097,0,0.055960238,0,9.607905478,-0.327173765,0,0.999995924,0,-0.002855126,0,0
1686731147.45953,0,0.056262922,0,0.033248478,0,9.622024616,-0.19438787,0,0.999998561,0,-0.001696353,0,0
1686731147.49809,0,0.047722533,0,0.013083244,0,9.649079367,-0.076491318,0,0.999999777,0,-0.000667513,0,0
1686731147.53793,0,0.04298424,0,-0.004468881,0,9.664070881,0.026127352,0,0.999999974,0,0.000228004,0,0
1686731147.57825,0,0.040701933,0,-0.020762306,0,9.671267194,0.121387081,0,0.999999439,0,0.001059302,0,0
1686731147.61851,0,0.029620955,0,-0.034016086,0,9.706271279,0.198875725,0,0.999998494,0,0.001735517,0,0
1686731147.66044,0,0.02428355,0,-0.044326264,0,9.723108425,0.259154744,0,0.999997443,0,0.00226155,0,0
1686731147.70087,0,0.016205122,0,-0.052041222,0,9.748616724,0.304260857,0,0.999996475,0,0.002655174,0,0
1686731147.74077,0,0.011776908,0,-0.057314036,0,9.762590547,0.335088889,0,0.999995725,0,0.002924198,0,0
1686731147.78079,0,0.009643958,0,-0.061410538,0,9.769310713,0.359039558,0,0.999995091,0,0.003133206,0,0
1686731147.82015,0,0.002715615,0,-0.063678997,0,9.79120558,0.37230239,0,0.999994722,0,0.003248946,0,0
1686731147.86079,0,-0.001196997,0,-0.063789698,0,9.803577626,0.372949618,0,0.999994704,0,0.003254594,0,0
1686731147.90014,0,-0.005865293,0,-0.062265997,0,9.818349873,0.364041103,0,0.999994954,0,0.003176853,0,0
1686731147.9409,0,-0.008385329,0,-0.059352523,0,9.826337007,0.347007126,0,0.999995415,0,0.003028204,0,0
1686731147.98102,0,-0.009599162,0,-0.055769627,0,9.830196529,0.326059336,0,0.999995952,0,0.002845401,0,0
1686731148.02074,0,-0.012105077,0,-0.051453577,0,9.838144537,0.300825138,0,0.999996554,0,0.002625192,0,0
1686731148.06103,0,-0.013499453,0,-0.046368529,0,9.842579321,0.271094993,0,0.999997202,0,0.002365748,0,0
1686731148.09991,0,-0.014416931,0,-0.040860512,0,9.845505156,0.238892008,0,0.999997827,0,0.002084725,0,0
1686731148.14085,0,-0.014882828,0,-0.035095542,0,9.847000793,0.20518681,0,0.999998397,0,0.001790592,0,0
1686731148.18084,0,-0.015107238,0,-0.029206799,0,9.84772976,0.170758038,0,0.99999889,0,0.001490144,0,0
1686731148.22081,0,-0.014318692,0,-0.023450109,0,9.845251624,0.137101385,0,0.999999284,0,0.001196435,0,0
1686731148.26085,0,-0.013851437,0,-0.017951102,0,9.84378565,0.104951322,0,0.999999581,0,0.000915873,0,0
1686731148.3009,0,-0.012502393,0,-0.012816489,0,9.839527657,0.074931727,0,0.999999786,0,0.000653903,0,0
1686731148.3407,0,-0.011742993,0,-0.00810068,0,9.837131256,0.047360699,0,0.999999915,0,0.0004133,0,0
1686731148.38181,0,-0.01137721,0,-0.003586599,0,9.835977242,0.020969079,0,0.999999983,0,0.00018299,0,0
1686731148.42044,0,-0.009289022,0,0.000421581,0,9.829374459,-0.002464776,0,1,0,-0.000021509,0,0
1686731148.46103,0,-0.008096755,0,0.003772226,0,9.825603461,-0.022054351,0,0.999999981,0,-0.000192461,0,0
1686731148.5,0,-0.006201191,0,0.006523699,0,9.819607716,-0.038140864,0,0.999999945,0,-0.000332842,0,0
1686731148.54084,0,-0.005159308,0,0.008700575,0,9.816311301,-0.050867988,0,0.999999901,0,-0.000443907,0,0
1686731148.581,0,-0.004657461,0,0.010600682,0,9.814722451,-0.061976986,0,0.999999854,0,-0.000540851,0,0
1686731148.61997,0,-0.002820865,0,0.012026536,0,9.808912979,-0.07031326,0,0.999999812,0,-0.000613599,0,0
1686731148.66067,0,-0.001780707,0,0.012878745,0,9.805622628,-0.075295707,0,0.999999784,0,-0.000657079,0,0
1686731148.70095,0,-0.000427562,0,0.013272481,0,9.801343082,-0.07759769,0,0.999999771,0,-0.000677168,0,0
1686731148.74136,0,0.000307304,0,0.013260939,0,9.799019247,-0.077530212,0,0.999999771,0,-0.000676579,0,0
1686731148.77965,0,0.000661269,0,0.013054186,0,9.797900188,-0.076321429,0,0.999999778,0,-0.00066603,0,0
1686731148.82017,0,0.001585473,0,0.012592282,0,9.794978203,-0.073620902,0,0.999999794,0,-0.000642464,0,0
1686731148.86092,0,0.002104133,0,0.011844338,0,9.793338988,-0.069248037,0,0.999999817,0,-0.000604303,0,0
1686731148.90019,0,0.002608422,0,0.010904219,0,9.791745379,-0.063751616,0,0.999999845,0,-0.000556338,0,0
1686731148.94082,0,0.002876137,0,0.009816454,0,9.790899939,-0.057391989,0,0.999999875,0,-0.00050084,0,0
1686731148.98014,0,0.003005089,0,0.008657573,0,9.790493251,-0.050616578,0,0.999999902,0,-0.000441713,0,0
1686731149.02018,0,0.003081585,0,0.007461362,0,9.790252331,-0.043622918,0,0.999999928,0,-0.000380682,0,0
1686731149.06067,0,0.003119834,0,0.006244057,0,9.790132228,-0.03650593,0,0.999999949,0,-0.000318574,0,0
1686731149.10077,0,0.002988083,0,0.005048694,0,9.790549551,-0.029517231,0,0.999999967,0,-0.000257586,0,0
1686731149.14071,0,0.002909978,0,0.003896406,0,9.790797067,-0.022780369,0,0.99999998,0,-0.000198796,0,0
1686731149.18072,0,0.002872357,0,0.002764866,0,9.790916419,-0.016164811,0,0.99999999,0,-0.000141065,0,0
1686731149.22107,0,0.002497074,0,0.001719671,0,9.792103407,-0.010054072,0,0.999999996,0,-0.000087738,0,0
1686731149.26113,0,0.002281483,0,0.000793375,0,9.792785285,-0.004638474,0,0.999999999,0,-0.000040478,0,0
1686731149.30013,0,0.001891997,0,-0.000014588,0,9.794016981,0.00008529,0,1,0,0.000000744,0,0
1686731149.33999,0,0.001676538,0,-0.000703726,0,9.794698297,0.004114341,0,0.999999999,0,0.000035904,0,0
1686731149.38006,0,0.001572757,0,-0.001335629,0,9.795026414,0.007808768,0,0.999999998,0,0.000068144,0,0
1686731149.42018,0,0.001135408,0,-0.001857157,0,9.796409348,0.010857881,0,0.999999996,0,0.000094753,0,0
1686731149.46095,0,0.000886977,0,-0.002241674,0,9.797194878,0.013105964,0,0.999999993,0,0.000114371,0,0
1686731149.4994,0,0.000537426,0,-0.002511053,0,9.798300187,0.014680893,0,0.999999992,0,0.000128115,0,0
1686731149.53892,0,0.000346641,0,-0.002675215,0,9.798903461,0.015640664,0,0.999999991,0,0.000136491,0,0
1686731149.5792,0,0.000254744,0,-0.002788695,0,9.79919403,0.016304129,0,0.99999999,0,0.00014228,0,0
1686731149.62081,0,-0.000048401,0,-0.002814654,0,9.800152652,0.016455899,0,0.99999999,0,0.000143605,0,0
1686731149.66075,0,-0.000194417,0,-0.002760085,0,9.800614413,0.016136861,0,0.99999999,0,0.000140821,0,0
1686731149.69998,0,-0.000366101,0,-0.002645062,0,9.801157357,0.015464375,0,0.999999991,0,0.000134952,0,0
1686731149.74013,0,-0.00045868,0,-0.002478981,0,9.80145016,0.014493384,0,0.999999992,0,0.000126479,0,0
1686731149.78083,0,-0.000503273,0,-0.002288308,0,9.801591221,0.01337861,0,0.999999993,0,0.00011675,0,0
1686731149.82092,0,-0.00058214,0,-0.002073521,0,9.801840668,0.012122856,0,0.999999994,0,0.000105792,0,0
1686731149.861,0,-0.000625724,0,-0.001834697,0,9.80197854,0.010726572,0,0.999999996,0,0.000093607,0,0
1686731149.90016,0,-0.000643235,0,-0.00158504,0,9.802033959,0.00926695,0,0.999999997,0,0.000080869,0,0
1686731149.94073,0,-0.00065133,0,-0.001330919,0,9.802059596,0.007781226,0,0.999999998,0,0.000067904,0,0
1686731149.9827,0,-0.000655229,0,-0.001074647,0,9.802071958,0.00628293,0,0.999999998,0,0.000054829,0,0
1686731150.02079,0,-0.000605085,0,-0.00082846,0,9.80191341,0.004843599,0,0.999999999,0,0.000042268,0,0
1686731150.06091,0,-0.000575858,0,-0.000598392,0,9.801821006,0.003498502,0,1,0,0.00003053,0,0
1686731150.10114,0,-0.000508084,0,-0.000387566,0,9.801606694,0.002265908,0,1,0,0.000019774,0,0
1686731150.14083,0,-0.000470202,0,-0.000197632,0,9.801486909,0.001155457,0,1,0,0.000010083,0,0
1686731150.18053,0,-0.000451956,0,-0.000017761,0,9.801429211,0.000103838,0,1,0,0.000000906,0,0
1686731150.22097,0,-0.000358751,0,0.000139218,0,9.801134471,-0.000813937,0,1,0,-0.000007103,0,0
1686731150.26084,0,-0.000305626,0,0.000266897,0,9.80096647,-0.001560417,0,1,0,-0.000013617,0,0
1686731150.3007,0,-0.000224335,0,0.000368557,0,9.800709403,-0.002154771,0,1,0,-0.000018804,0,0
1686731150.33816,0,-0.000179748,0,0.000445627,0,9.800568402,-0.00260536,0,1,0,-0.000022736,0,0
1686731150.3779,0,-0.000158271,0,0.000510852,0,9.800500485,-0.002986702,0,1,0,-0.000026064,0,0
1686731150.41777,0,-0.000077293,0,0.000553154,0,9.800244405,-0.003234017,0,1,0,-0.000028222,0,0
1686731150.459,0,-0.000038287,0,0.000573944,0,9.800121058,-0.003355566,0,1,0,-0.000029283,0,0
1686731150.50091,0,0.000015879,0,0.000575748,0,9.79994977,-0.003366113,0,1,0,-0.000029375,0,0
1686731150.54075,0,0.000041969,0,0.000563163,0,9.799867266,-0.003292536,0,1,0,-0.000028733,0,0
1686731150.58086,0,0.000054536,0,0.000543647,0,9.799827527,-0.003178439,0,1,0,-0.000027737,0,0
1686731150.62079,0,0.000086348,0,0.000515287,0,9.799726931,-0.00301263,0,1,0,-0.00002629,0,0
1686731150.661,0,0.000104182,0,0.000477091,0,9.799670534,-0.002789316,0,1,0,-0.000024341,0,0
1686731150.70077,0,0.00012003,0,0.000432606,0,9.799620421,-0.002529233,0,1,0,-0.000022072,0,0
1686731150.74077,0,0.000128372,0,0.00038352,0,9.799594046,-0.002242255,0,1,0,-0.000019567,0,0
1686731150.78021,0,0.000132389,0,0.000332219,0,9.799581342,-0.001942323,0,1,0,-0.00001695,0,0
1686731150.82086,0,0.000131444,0,0.000280467,0,9.799584334,-0.001639751,0,1,0,-0.00001431,0,0
1686731150.86082,0,0.000130707,0,0.00022912,0,9.799586665,-0.001339554,0,1,0,-0.00001169,0,0
1686731150.89975,0,0.000121706,0,0.000180077,0,9.799615129,-0.001052823,0,1,0,-0.000009188,0,0
1686731150.94008,0,0.000117371,0,0.000133425,0,9.799628839,-0.000780072,0,1,0,-0.000006807,0,0
1686731150.98084,0,0.000115283,0,0.000087925,0,9.799635444,-0.000514054,0,1,0,-0.000004486,0,0
1686731151.01969,0,0.000098362,0,0.000046381,0,9.799688951,-0.000271169,0,1,0,-0.000002366,0,0
1686731151.06102,0,0.000088661,0,0.000010188,0,9.799719631,-0.000059567,0,1,0,-0.00000052,0,0
1686731151.10099,0,0.00007193,0,-0.00002085,0,9.799772537,0.000121898,0,1,0,0.000001064,0,0
1686731151.14077,0,0.000062696,0,-0.000046795,0,9.799801738,0.000273589,0,1,0,0.000002388,0,0
1686731151.17828,0,0.000058248,0,-0.000070288,0,9.799815803,0.000410938,0,1,0,0.000003586,0,0
1686731151.21747,0,0.000038826,0,-0.000088386,0,9.799877222,0.000516751,0,1,0,0.00000451,0,0
1686731151.25734,0,0.000029471,0,-0.000101325,0,9.799906805,0.000592399,0,1,0,0.00000517,0,0
1686731151.29774,0,0.000024964,0,-0.000111779,0,9.799921055,0.000653518,0,1,0,0.000005703,0,0
1686731151.33851,0,0.00000918,0,-0.000117717,0,9.799970971,0.000688235,0,1,0,0.000006006,0,0
1686731151.38072,0,0.000001577,0,-0.000119462,0,9.799995014,0.000698437,0,1,0,0.000006095,0,0
1686731151.42075,0,-0.000007949,0,-0.000117934,0,9.800025135,0.000689503,0,1,0,0.000006017,0,0
1686731151.46338,0,-0.000013109,0,-0.00011356,0,9.800041452,0.000663932,0,1,0,0.000005794,0,0
1686731151.5008,0,-0.000018977,0,-0.000107093,0,9.800060011,0.000626118,0,1,0,0.000005464,0,0
1686731151.54013,0,-0.000022134,0,-0.000098884,0,9.800069993,0.000578126,0,1,0,0.000005045,0,0
1686731151.58063,0,-0.000023655,0,-0.000089837,0,9.800074802,0.000525232,0,1,0,0.000004584,0,0
1686731151.62086,0,-0.00002584,0,-0.000080075,0,9.800081712,0.00046816,0,1,0,0.000004085,0,0
1686731151.661,0,-0.000027034,0,-0.000069655,0,9.800085489,0.000407237,0,1,0,0.000003554,0,0
1686731151.70003,0,-0.00002699,0,-0.00005905,0,9.800085351,0.000345234,0,1,0,0.000003013,0,0
1686731151.74094,0,-0.000026909,0,-0.000048489,0,9.800085093,0.000283492,0,1,0,0.000002474,0,0
1686731151.78103,0,-0.00002687,0,-0.00003795,0,9.80008497,0.000221878,0,1,0,0.000001936,0,0
1686731151.82077,0,-0.000024287,0,-0.00002797,0,9.800076803,0.000163528,0,1,0,0.000001427,0,0
1686731151.86228,0,-0.000022793,0,-0.000018814,0,9.800072079,0.000109994,0,1,0,0.00000096,0,0
1686731151.90106,0,-0.000019715,0,-0.000010558,0,9.800062343,0.00006173,0,1,0,0.000000539,0,0
1686731151.93989,0,-0.000018002,0,-0.000003248,0,9.800056926,0.000018989,0,1,0,0.000000166,0,0
1686731151.98073,0,-0.000017176,0,0.000003608,0,9.800054317,-0.000021092,0,1,0,-0.000000184,0,0
1686731152.02001,0,-0.000013277,0,0.000009495,0,9.800041984,-0.000055513,0,1,0,-0.000000484,0,0
1686731152.06096,0,-0.000011057,0,0.000014158,0,9.800034964,-0.000082777,0,1,0,-0.000000722,0,0
1686731152.10127,0,-0.00000776,0,0.000017756,0,9.80002454,-0.000103809,0,1,0,-0.000000906,0,0
1686731152.14056,0,-0.000005955,0,0.000020358,0,9.800018832,-0.000119022,0,1,0,-0.000001039,0,0
1686731152.17993,0,-0.000005086,0,0.00002248,0,9.800016082,-0.000131431,0,1,0,-0.000001147,0,0
1686731152.2197,0,-0.000002189,0,0.000023842,0,9.800006921,-0.000139392,0,1,0,-0.000001216,0,0
1686731152.26082,0,-0.000000552,0,0.000024301,0,9.800001744,-0.000142075,0,1,0,-0.00000124,0,0
1686731152.29991,0,0.000001449,0,0.000024066,0,9.799995419,-0.0001407,0,1,0,-0.000001228,0,0
1686731152.34023,0,0.00000253,0,0.000023234,0,9.799991999,-0.000135839,0,1,0,-0.000001185,0,0
1686731152.38108,0,0.000003051,0,0.000022115,0,9.799990351,-0.000129298,0,1,0,-0.000001128,0,0
1686731152.42008,0,0.000004215,0,0.000020663,0,9.799986672,-0.000120807,0,1,0,-0.000001054,0,0
1686731152.46273,0,0.000004864,0,0.000018853,0,9.799984619,-0.000110223,0,1,0,-0.000000962,0,0
1686731152.50006,0,0.000005368,0,0.000016829,0,9.799983026,-0.000098391,0,1,0,-0.000000859,0,0
1686731152.53993,0,0.000005629,0,0.000014661,0,9.799982199,-0.000085716,0,1,0,-0.000000748,0,0
1686731152.5802,0,0.000005755,0,0.000012424,0,9.799981801,-0.000072636,0,1,0,-0.000000634,0,0
1686731152.62087,0,0.000005564,0,0.000010207,0,9.799982406,-0.000059675,0,1,0,-0.000000521,0,0
1686731152.66113,0,0.000005447,0,0.000008054,0,9.799982775,-0.00004709,0,1,0,-0.000000411,0,0
1686731152.70062,0,0.000004996,0,0.000006017,0,9.799984201,-0.00003518,0,1,0,-0.000000307,0,0
1686731152.74081,0,0.00000474,0,0.000004121,0,9.79998501,-0.000024095,0,1,0,-0.00000021,0,0
1686731152.78057,0,0.000004617,0,0.000002293,0,9.7999854,-0.000013407,0,1,0,-0.000000117,0,0
1686731152.81781,0,0.000003839,0,0.000000651,0,9.79998786,-0.000003808,0,1,0,-0.000000033,0,0
1686731152.85766,0,0.000003394,0,-0.000000745,0,9.799989267,0.000004355,0,1,0,0.000000038,0,0
1686731152.89792,0,0.00000318,0,-0.000002023,0,9.799989945,0.000011828,0,1,0,0.000000103,0,0
1686731152.93847,0,0.000002255,0,-0.000003044,0,9.799992871,0.000017797,0,1,0,0.000000155,0,0
1686731152.98078,0,0.000001809,0,-0.000003819,0,9.79999428,0.000022329,0,1,0,0.000000195,0,0
1686731153.01995,0,0.000001154,0,-0.000004382,0,9.79999635,0.000025619,0,1,0,0.000000224,0,0
1686731153.06092,0,0.000000796,0,-0.000004747,0,9.799997482,0.000027754,0,1,0,0.000000242,0,0
1686731153.10032,0,0.000000293,0,-0.000004947,0,9.799999072,0.00002892,0,1,0,0.000000252,0,0
1686731153.14018,0,0.000000019,0,-0.000004995,0,9.799999939,0.000029202,0,1,0,0.000000255,0,0
1686731153.18087,0,-0.000000113,0,-0.00000497,0,9.800000357,0.000029058,0,1,0,0.000000254,0,0
1686731153.2203,0,-0.000000482,0,-0.000004845,0,9.800001524,0.000028326,0,1,0,0.000000247,0,0
1686731153.26021,0,-0.000000689,0,-0.000004605,0,9.80000218,0.000026926,0,1,0,0.000000235,0,0
1686731153.30096,0,-0.000000904,0,-0.000004286,0,9.800002858,0.00002506,0,1,0,0.000000219,0,0
1686731153.34135,0,-0.000001018,0,-0.000003904,0,9.80000322,0.000022826,0,1,0,0.000000199,0,0
1686731153.38029,0,-0.000001073,0,-0.000003492,0,9.800003394,0.000020414,0,1,0,0.000000178,0,0
1686731153.42101,0,-0.00000113,0,-0.000003058,0,9.800003572,0.000017879,0,1,0,0.000000156,0,0
1686731153.46083,0,-0.000001159,0,-0.000002608,0,9.800003667,0.000015248,0,1,0,0.000000133,0,0
1686731153.50078,0,-0.000001131,0,-0.000002159,0,9.800003575,0.000012624,0,1,0,0.00000011,0,0
1686731153.54091,0,-0.000001113,0,-0.00000172,0,9.800003518,0.000010058,0,1,0,0.000000088,0,0
1686731153.58106,0,-0.000001104,0,-0.000001286,0,9.800003491,0.000007521,0,1,0,0.000000066,0,0
1686731153.6209,0,-0.000000977,0,-0.000000881,0,9.800003089,0.000005151,0,1,0,0.000000045,0,0
1686731153.66025,0,-0.000000904,0,-0.000000516,0,9.800002857,0.000003017,0,1,0,0.000000026,0,0
1686731153.70024,0,-0.000000764,0,-0.000000193,0,9.800002417,0.000001126,0,1,0,0.00000001,0,0
1686731153.74015,0,-0.000000687,0,0.000000088,0,9.800002173,-0.000000516,0,1,0,-0.000000004,0,0
1686731153.78091,0,-0.00000065,0,0.000000348,0,9.800002055,-0.000002037,0,1,0,-0.000000018,0,0
1686731153.82029,0,-0.000000485,0,0.000000568,0,9.800001535,-0.000003318,0,1,0,-0.000000029,0,0
1686731153.86095,0,-0.000000392,0,0.000000735,0,9.800001239,-0.000004297,0,1,0,-0.000000037,0,0
1686731153.90025,0,-0.000000257,0,0.000000858,0,9.800000813,-0.000005019,0,1,0,-0.000000044,0,0
1686731153.94128,0,-0.000000183,0,0.000000941,0,9.80000058,-0.000005503,0,1,0,-0.000000048,0,0
1686731153.98024,0,-0.000000148,0,0.000001004,0,9.800000468,-0.000005873,0,1,0,-0.000000051,0,0
1686731154.0208,0,-0.000000035,0,0.000001038,0,9.800000111,-0.000006068,0,1,0,-0.000000053,0,0
1686731154.06154,0,0.000000028,0,0.000001036,0,9.79999991,-0.000006058,0,1,0,-0.000000053,0,0
1686731154.10011,0,0.000000103,0,0.000001008,0,9.799999673,-0.000005894,0,1,0,-0.000000051,0,0
1686731154.14019,0,0.000000144,0,0.000000958,0,9.799999545,-0.000005599,0,1,0,-0.000000049,0,0
1686731154.18121,0,0.000000163,0,0.000000897,0,9.799999484,-0.000005242,0,1,0,-0.000000046,0,0
1686731154.22071,0,0.000000202,0,0.000000824,0,9.799999361,-0.000004817,0,1,0,-0.000000042,0,0
1686731154.26126,0,0.000000224,0,0.000000739,0,9.799999293,-0.000004323,0,1,0,-0.000000038,0,0
1686731154.30078,0,0.000000079,0,-21.987890244,0,9.799999843,-0.000003993,0,1,0,-0.000000035,0,0
1686731154.34092,0,-0.480904307,0,15.539470327,0,11.100918075,-0.549343921,0,0.999988509,0,-0.004793912,0,0
1686731154.38104,0,-0.871574459,0,4.868252806,0,12.441788331,-2.201326334,0,0.99981549,0,-0.019209015,0,0
1686731154.42087,0,-1.062255009,0,1.941502915,0,13.095775647,-4.472239348,0,0.999238518,0,-0.039017744,0,0
1686731154.46082,0,-1.149270668,0,1.499703768,0,13.351408554,-7.031630165,0,0.998117909,0,-0.061324048,0,0
1686731154.50031,0,-1.189279541,0,1.730948685,0,13.417662423,-9.722857728,0,0.996402573,0,-0.084746171,0,0
1686731154.54099,0,-0.970283497,0,2.086498537,0,12.647274992,-12.178164749,0,0.994358175,0,-0.1060746,0,0
1686731154.5801,0,-0.841412463,0,2.411873886,0,12.160470215,-14.218237333,0,0.992312254,0,-0.123759406,0,0
1686731154.62087,0,-0.672574003,0,2.6900844,0,11.550750343,-15.924701931,0,0.990359306,0,-0.138522366,0,0
1686731154.66013,0,-0.580831779,0,2.920357749,0,11.19160149,-17.335372157,0,0.988579038,0,-0.150703301,0,0
1686731154.70076,0,-0.536640214,0,3.12645545,0,10.984940645,-18.603556075,0,0.986850701,0,-0.161634446,0,0
1686731154.7408,0,-0.346297856,0,3.286126194,0,10.327722332,-19.591815521,0,0.985420053,0,-0.170139118,0,0
1686731154.78013,0,-0.238128474,0,3.388951453,0,9.948409859,-20.231301984,0,0.98445524,0,-0.175635648,0,0
1686731154.82092,0,-0.096613289,0,3.446615131,0,9.479440472,-20.591041979,0,0.983899013,0,-0.178725301,0,0
1686731154.86075,0,-0.019729888,0,3.464515262,0,9.229568494,-20.702884256,0,0.983724107,0,-0.179685509,0,0
1686731154.90014,0,0.01730282,0,3.463304809,0,9.112918071,-20.695320463,0,0.983735965,0,-0.179620576,0,0
1686731154.94103,0,0.116289517,0,3.436649109,0,8.809920256,-20.528819494,0,0.983995914,0,-0.178191024,0,0
1686731154.98008,0,0.171881963,0,3.38120452,0,8.654692643,-20.183069688,0,0.984529079,0,-0.175221269,0,0
1686731155.01813,0,0.234840346,0,3.304461109,0,8.483448786,-19.705760324,0,0.985250387,0,-0.171118892,0,0
1686731155.05901,0,0.268693832,0,3.209853931,0,8.409734365,-19.119295772,0,0.986113244,0,-0.166074291,0,0
1686731155.09935,0,0.285000139,0,3.106382596,0,8.393393356,-18.4802541,0,0.98702405,0,-0.160572488,0,0
1686731155.1397,0,0.326702598,0,2.991511547,0,8.299123991,-17.773583003,0,0.987995505,0,-0.154482626,0,0
1686731155.17983,0,0.350090174,0,2.863852728,0,8.26512912,-16.991502361,0,0.989026822,0,-0.147736069,0,0
1686731155.22098,0,0.379278204,0,2.726014005,0,8.213844277,-16.150698431,0,0.990084187,0,-0.140475274,0,0
1686731155.26093,0,0.395084995,0,2.579179163,0,8.205145541,-15.258927993,0,0.991147397,0,-0.132766099,0,0
1686731155.30019,0,0.402698695,0,2.427651679,0,8.221106367,-14.342608374,0,0.992177348,0,-0.124836331,0,0
1686731155.34081,0,0.424784077,0,2.269705935,0,8.190257428,-13.391444617,0,0.993179357,0,-0.116596587,0,0
1686731155.38107,0,0.437218,0,2.104437884,0,8.188776649,-12.400189629,0,0.994150785,0,-0.108001001,0,0
1686731155.42022,0,0.44946784,0,1.9339901,0,8.185930257,-11.3817989,0,0.995071333,0,-0.099161699,0,0
1686731155.46094,0,0.455978757,0,1.759399031,0,8.198842135,-10.342414741,0,0.995929818,0,-0.090132111,0,0
1686731155.50006,0,0.459114888,0,1.58252214,0,8.219532929,-9.292918617,0,0.99671352,0,-0.081007154,0,0
1686731155.54087,0,0.454160059,0,1.405657671,0,8.262486014,-8.246632515,0,0.997411605,0,-0.071903342,0,0
1686731155.5808,0,0.451142993,0,1.229975242,0,8.295868546,-7.210074468,0,0.998021204,0,-0.062878262,0,0
1686731155.62034,0,0.43394267,0,1.058033766,0,8.370471328,-6.197883348,0,0.998537669,0,-0.054060369,0,0
1686731155.66025,0,0.424122203,0,0.89115577,0,8.418205427,-5.217356783,0,0.998963687,0,-0.045514298,0,0
1686731155.70091,0,0.419391951,0,0.726618363,0,8.446791617,-4.252082172,0,0.999311636,0,-0.037097902,0,0
1686731155.74002,0,0.379216792,0,0.571216957,0,8.584149659,-3.341518492,0,0.99957487,0,-0.029156117,0,0
1686731155.78052,0,0.356170089,0,0.428369721,0,8.664324532,-2.505265268,0,0.999761024,0,-0.021860822,0,0
1686731155.82102,0,0.31214734,0,0.298585376,0,8.808353751,-1.745952019,0,0.99988393,0,-0.015235716,0,0
1686731155.86014,0,0.287732475,0,0.1822112,0,8.888415951,-1.065360645,0,0.999956783,0,-0.009296892,0,0
1686731155.90102,0,0.275972498,0,0.072296767,0,8.927031657,-0.422687469,0,0.999993197,0,-0.003688636,0,0
1686731155.94023,0,0.22083291,0,-0.0239264,0,9.101635813,0.139886032,0,0.999999255,0,0.001220736,0,0
1686731155.98086,0,0.189449188,0,-0.102840302,0,9.20036945,0.601267698,0,0.999986234,0,0.005247026,0,0
1686731156.02101,0,0.141998193,0,-0.16650088,0,9.349547768,0.973495584,0,0.999963915,0,0.008495249,0,0
1686731156.05993,0,0.115989318,0,-0.215814283,0,9.430832965,1.261861963,0,0.99993937,0,0.0110116,0,0
1686731156.10092,0,0.10346155,0,-0.258215632,0,9.469423461,1.509834522,0,0.999913201,0,0.013175411,0,0
1686731156.14088,0,0.059869534,0,-0.289260528,0,9.606406018,1.691409682,0,0.999891068,0,0.014759798,0,0
1686731156.18095,0,0.035210077,0,-0.306709821,0,9.683855246,1.79347432,0,0.999877525,0,0.015650377,0,0
1686731156.21998,0,0.003871978,0,-0.313453116,0,9.782741548,1.832918802,0,0.999872079,0,0.015994552,0,0
1686731156.26076,0,-0.013120363,0,-0.310829865,0,9.836559643,1.817574158,0,0.999874212,0,0.015860662,0,0
1686731156.29995,0,-0.021305111,0,-0.303694912,0,9.862665903,1.775839079,0,0.999879922,0,0.015496499,0,0
1686731156.34098,0,-0.041798521,0,-0.290849972,0,9.927861573,1.700706451,0,0.999889868,0,0.014840919,0,0
1686731156.37996,0,-0.053283575,0,-0.271673028,0,9.964731112,1.58854207,0,0.999903915,0,0.013862201,0,0
1686731156.42038,0,-0.063984166,0,-0.248340585,0,9.99918861,1.452080686,0,0.999919714,0,0.012671455,0,0
1686731156.46104,0,-0.069642348,0,-0.221887064,0,10.017716189,1.297375381,0,0.99993591,0,0.011321494,0,0
1686731156.49948,0,-0.072367741,0,-0.19392917,0,10.0269279,1.133882477,0,0.999951045,0,0.00989483,0,0
1686731156.53826,0,-0.073084544,0,-0.165373201,0,10.029718201,0.966901654,0,0.999964402,0,0.008437709,0,0
1686731156.57837,0,-0.073371697,0,-0.136657478,0,10.031068812,0.798994952,0,0.999975692,0,0.00697249,0,0
1686731156.61905,0,-0.069129135,0,-0.108932213,0,10.018000081,0.636886181,0,0.999984555,0,0.005557852,0,0
1686731156.6609,0,-0.067085609,0,-0.082333039,0,10.011797462,0.481366441,0,0.999991177,0,0.004200702,0,0
1686731156.70032,0,-0.066101298,0,-0.056276096,0,10.008869074,0.329020457,0,0.999995878,0,0.002871241,0,0
1686731156.74106,0,-0.056943317,0,-0.032336601,0,9.980017231,0.189056545,0,0.999998639,0,0.001649829,0,0
1686731156.78112,0,-0.051685381,0,-0.011296659,0,9.963437015,0.066046022,0,0.999999834,0,0.00057636,0,0
1686731156.82089,0,-0.042389427,0,0.006900781,0,9.934044709,-0.040345473,0,0.999999938,0,-0.000352081,0,0
1686731156.86018,0,-0.037252307,0,0.022265088,0,9.917776846,-0.130173132,0,0.999999355,0,-0.001135975,0,0
1686731156.89997,0,-0.034777896,0,0.036264716,0,9.909910266,-0.212022442,0,0.999998288,0,-0.001850244,0,0
1686731156.94075,0,-0.024582922,0,0.047682364,0,9.877622025,-0.278776426,0,0.999997041,0,-0.002432781,0,0
1686731156.98011,0,-0.018794363,0,0.055907617,0,9.859273521,-0.326866111,0,0.999995932,0,-0.002852441,0,0
1686731157.02015,0,-0.010749014,0,0.061471359,0,9.833798574,-0.359395154,0,0.999995082,0,-0.003136309,0,0
1686731157.06083,0,-0.00636115,0,0.064615232,0,9.819902703,-0.377776216,0,0.999994566,0,-0.003296713,0,0
1686731157.10094,0,-0.004247635,0,0.066593525,0,9.813205939,-0.389342582,0,0.999994228,0,-0.003397648,0,0
1686731157.14103,0,0.002050691,0,0.066881627,0,9.793286923,-0.391027009,0,0.999994178,0,-0.003412348,0,0
1686731157.18216,0,0.005599319,0,0.065212708,0,9.782076423,-0.381269443,0,0.999994465,0,-0.003327197,0,0
1686731157.22109,0,0.009553714,0,0.062121205,0,9.769591613,-0.363194562,0,0.999994977,0,-0.003169465,0,0
1686731157.2609,0,0.011677365,0,0.057858525,0,9.762902131,-0.338272301,0,0.999995643,0,-0.002951978,0,0
1686731157.30081,0,0.01270027,0,0.053031711,0,9.759694729,-0.310051842,0,0.99999634,0,-0.002705709,0,0
1686731157.3403,0,0.014358515,0,0.047684002,0,9.75447838,-0.278786005,0,0.999997041,0,-0.002432864,0,0
1686731157.38104,0,0.015270901,0,0.041833104,0,9.751619885,-0.244578324,0,0.999997722,0,-0.002134347,0,0
1686731157.42074,0,0.015499778,0,0.035784843,0,9.750920063,-0.209216842,0,0.999998333,0,-0.00182576,0,0
1686731157.46026,0,0.015589487,0,0.029687095,0,9.750656749,-0.17356611,0,0.999998853,0,-0.001514649,0,0
1686731157.5003,0,0.015632697,0,0.023565506,0,9.750536739,-0.137776053,0,0.999999277,0,-0.001202323,0,0
1686731157.54096,0,0.014282393,0,0.017725537,0,9.754819076,-0.103632551,0,0.999999591,0,-0.000904364,0,0
1686731157.58,0,0.013498288,0,0.012317995,0,9.757306924,-0.072017274,0,0.999999803,0,-0.000628469,0,0
1686731157.61998,0,0.011785698,0,0.007404108,0,9.762727555,-0.043288183,0,0.999999929,0,-0.000377761,0,0
1686731157.65998,0,0.010830619,0,0.003016945,0,9.765750111,-0.017638593,0,0.999999988,0,-0.000153926,0,0
1686731157.70103,0,0.010370584,0,-0.00111651,0,9.767205271,0.006527685,0,0.999999998,0,0.000056965,0,0
1686731157.74026,0,0.008112231,0,-0.004692353,0,9.774345749,0.02743388,0,0.999999971,0,0.000239406,0,0
1686731157.78081,0,0.006825834,0,-0.007558748,0,9.778411903,0.044192288,0,0.999999926,0,0.00038565,0,0
1686731157.82108,0,0.004888692,0,-0.009801771,0,9.784535697,0.057306145,0,0.999999875,0,0.00050009,0,0
1686731157.86136,0,0.003827149,0,-0.011459354,0,9.787890794,0.066997222,0,0.999999829,0,0.000584661,0,0
1686731157.901,0,0.003315832,0,-0.012834946,0,9.789506013,0.07503964,0,0.999999786,0,0.000654844,0,0
1686731157.93999,0,0.001578471,0,-0.013755959,0,9.794998782,0.080424354,0,0.999999754,0,0.000701835,0,0
1686731157.98099,0,0.000596233,0,-0.014135269,0,9.798104351,0.082641995,0,0.99999974,0,0.000721187,0,0
1686731158.02011,0,-0.000619923,0,-0.014094814,0,9.801950231,0.082405472,0,0.999999741,0,0.000719123,0,0
1686731158.06088,0,-0.001278167,0,-0.013691337,0,9.804032356,0.080046541,0,0.999999756,0,0.000698538,0,0
1686731158.10119,0,-0.001595226,0,-0.013113004,0,9.805035774,0.076665306,0,0.999999776,0,0.000669031,0,0
1686731158.14089,0,-0.002328837,0,-0.012326267,0,9.807356676,0.072065637,0,0.999999802,0,0.000628891,0,0
1686731158.17854,0,-0.002738841,0,-0.011313412,0,9.808654446,0.066143972,0,0.999999833,0,0.000577215,0,0
1686731158.21791,0,-0.003089898,0,-0.010154207,0,9.809765855,0.059366661,0,0.999999866,0,0.000518072,0,0
1686731158.25781,0,-0.003258993,0,-0.008901745,0,9.810301796,0.052044133,0,0.999999897,0,0.000454171,0,0
1686731158.29772,0,-0.003340441,0,-0.007604365,0,9.810560451,0.044458987,0,0.999999925,0,0.000387978,0,0
1686731158.33782,0,-0.003247355,0,-0.006317605,0,9.810267,0.036935933,0,0.999999948,0,0.000322327,0,0
1686731158.37819,0,-0.003202517,0,-0.005055573,0,9.810125945,0.02955745,0,0.999999967,0,0.000257937,0,0
1686731158.41987,0,-0.002941814,0,-0.003863741,0,9.809302071,0.022589392,0,0.999999981,0,0.00019713,0,0
1686731158.46025,0,-0.00281624,0,-0.002741162,0,9.80890535,0.016026226,0,0.99999999,0,0.000139855,0,0
1686731158.50099,0,-0.002755755,0,-0.001651941,0,9.808714323,0.009658087,0,0.999999996,0,0.000084283,0,0
1686731158.54103,0,-0.002317863,0,-0.000666169,0,9.807329703,0.003894764,0,0.999999999,0,0.000033988,0,0
1686731158.58011,0,-0.002067083,0,0.000181298,0,9.806536689,-0.001059959,0,1,0,-0.00000925,0,0
1686731158.62019,0,-0.001646409,0,0.000898041,0,9.805206363,-0.005250402,0,0.999999999,0,-0.000045818,0,0
1686731158.6609,0,-0.00141454,0,0.001486908,0,9.804473057,-0.00869322,0,0.999999997,0,-0.000075863,0,0
1686731158.70032,0,-0.001302855,0,0.002014181,0,9.804119784,-0.011775927,0,0.999999995,0,-0.000102764,0,0
1686731158.74098,0,-0.000867776,0,0.002430278,0,9.802743847,-0.014208638,0,0.999999992,0,-0.000123994,0,0
1686731158.78019,0,-0.00062103,0,0.002710294,0,9.801963495,-0.015845756,0,0.99999999,0,-0.00013828,0,0
1686731158.82086,0,-0.000288311,0,0.002879045,0,9.800911296,-0.01683236,0,0.999999989,0,-0.00014689,0,0
1686731158.86008,0,-0.000107194,0,0.00294791,0,9.800338535,-0.017234981,0,0.999999989,0,-0.000150404,0,0
1686731158.90092,0,-0.000019955,0,0.002968663,0,9.800062655,-0.017356313,0,0.999999989,0,-0.000151462,0,0
1686731158.9404,0,0.000225438,0,0.002922766,0,9.799286667,-0.017087976,0,0.999999989,0,-0.000149121,0,0
1686731158.98019,0,0.000363468,0,0.002800745,0,9.798850212,-0.01637458,0,0.99999999,0,-0.000142895,0,0
1686731159.01971,0,0.000508997,0,0.00262516,0,9.798390058,-0.015348022,0,0.999999991,0,-0.000133937,0,0
1686731159.06011,0,0.000586802,0,0.002406666,0,9.798144073,-0.014070594,0,0.999999992,0,-0.000122789,0,0
1686731159.10104,0,0.000624279,0,0.002167504,0,9.798025617,-0.012672328,0,0.999999994,0,-0.000110587,0,0
1686731159.14112,0,0.000670079,0,0.001912454,0,9.797880836,-0.011181177,0,0.999999995,0,-0.000097574,0,0
1686731159.18117,0,0.000694846,0,0.001643745,0,9.797802566,-0.009610169,0,0.999999996,0,-0.000083865,0,0
1686731159.21942,0,0.000685096,0,0.001373092,0,9.797833441,-0.008027792,0,0.999999998,0,-0.000070056,0,0
1686731159.25923,0,0.000678285,0,0.001106195,0,9.797855011,-0.006467375,0,0.999999998,0,-0.000056438,0,0
1686731159.29977,0,0.000675005,0,0.000841106,0,9.797865411,-0.004917536,0,0.999999999,0,-0.000042914,0,0
1686731159.3392,0,0.000602349,0,0.000592084,0,9.798095188,-0.003461624,0,1,0,-0.000030208,0,0
1686731159.37881,0,0.000560422,0,0.000366184,0,9.798227784,-0.002140899,0,1,0,-0.000018683,0,0
1686731159.41888,0,0.000471972,0,0.000168061,0,9.798507493,-0.000982572,0,1,0,-0.000008575,0,0
1686731159.45936,0,0.000429368,0,-0.000006566,0,9.79864222,0.000038386,0,1,0,0.000000335,0,0
1686731159.49945,0,0.000408847,0,-0.000169875,0,9.798707112,0.000993176,0,1,0,0.000008667,0,0
1686731159.53942,0,0.000310457,0,-0.000308813,0,9.799018245,0.001805479,0,1,0,0.000015756,0,0
1686731159.57915,0,0.000254435,0,-0.000416855,0,9.799195398,0.002437147,0,1,0,0.000021268,0,0
1686731159.61871,0,0.000166877,0,-0.000495249,0,9.799472278,0.002895475,0,1,0,0.000025268,0,0
1686731159.6593,0,0.000124702,0,-0.000550383,0,9.799605642,0.003217818,0,1,0,0.000028081,0,0
1686731159.69941,0,0.000104388,0,-0.000594314,0,9.799669878,0.003474661,0,1,0,0.000030322,0,0
1686731159.73888,0,0.000029475,0,-0.000616972,0,9.799906773,0.00360713,0,1,0,0.000031478,0,0
1686731159.77941,0,-0.000006609,0,-0.000619729,0,9.800020879,0.003623253,0,1,0,0.000031619,0,0
1686731159.82092,0,-0.000054445,0,-0.000605477,0,9.80017215,0.003539928,0,1,0,0.000030892,0,0
1686731159.86008,0,-0.000077486,0,-0.000578518,0,9.800245015,0.00338231,0,1,0,0.000029516,0,0
1686731159.90024,0,-0.000088584,0,-0.000545438,0,9.800280112,0.003188908,0,1,0,0.000027828,0,0
1686731159.93996,0,-0.000113202,0,-0.00050529,0,9.800357963,0.002954182,0,1,0,0.00002578,0,0
1686731159.98013,0,-0.000126939,0,-0.000457566,0,9.800401406,0.002675163,0,1,0,0.000023345,0,0
1686731160.02018,0,-0.000136634,0,-0.000405535,0,9.800432066,0.002370962,0,1,0,0.000020691,0,0
1686731160.06097,0,-0.000141604,0,-0.000350763,0,9.800447785,0.002050737,0,1,0,0.000017896,0,0
1686731160.10218,0,-0.000143998,0,-0.00029467,0,9.800455357,0.001722792,0,1,0,0.000015034,0,0
1686731160.14001,0,-0.000137503,0,-0.000239577,0,9.800434819,0.001400689,0,1,0,0.000012223,0,0
1686731160.181,0,-0.000133628,0,-0.000186621,0,9.800422568,0.001091078,0,1,0,0.000009521,0,0
1686731160.22044,0,-0.000121475,0,-0.000136892,0,9.800384136,0.000800342,0,1,0,0.000006984,0,0
1686731160.26021,0,-0.000114617,0,-0.000090946,0,9.800362452,0.000531716,0,1,0,0.00000464,0,0
1686731160.30062,0,-0.000111315,0,-0.000046821,0,9.800352007,0.00027374,0,1,0,0.000002389,0,0
1686731160.34023,0,-0.000091746,0,-0.000007417,0,9.800290127,0.000043362,0,1,0,0.000000378,0,0
1686731160.38027,0,-0.000080568,0,0.000025823,0,9.800254778,-0.000150973,0,1,0,-0.000001317,0,0
1686731160.41848,0,-0.000062561,0,0.000053394,0,9.800197834,-0.00031217,0,1,0,-0.000002724,0,0
1686731160.4593,0,-0.000052656,0,0.000075504,0,9.800166512,-0.000441432,0,1,0,-0.000003852,0,0
1686731160.50094,0,-0.000047885,0,0.000094982,0,9.800151426,-0.000555311,0,1,0,-0.000004846,0,0
1686731160.54009,0,-0.000030115,0,0.000109885,0,9.80009523,-0.000642442,0,1,0,-0.000005606,0,0
1686731160.58018,0,-0.000020046,0,0.000119235,0,9.800063391,-0.00069711,0,1,0,-0.000006083,0,0
1686731160.62131,0,-0.000006797,0,0.000124116,0,9.800021494,-0.000725643,0,1,0,-0.000006332,0,0
1686731160.66089,0,0.000000403,0,0.000125025,0,9.799998724,-0.000730958,0,1,0,-0.000006379,0,0
1686731160.70098,0,0.000003872,0,0.000124021,0,9.799987756,-0.000725091,0,1,0,-0.000006328,0,0
1686731160.74097,0,0.000013164,0,0.000120467,0,9.799958369,-0.00070431,0,1,0,-0.000006146,0,0
1686731160.78131,0,0.000018384,0,0.000114034,0,9.799941865,-0.0006667,0,1,0,-0.000005818,0,0
1686731160.82024,0,0.000023615,0,0.000105634,0,9.799925323,-0.000617589,0,1,0,-0.000005389,0,0
1686731160.86109,0,0.000026399,0,0.000095698,0,9.799916518,-0.000559499,0,1,0,-0.000004883,0,0
1686731160.90199,0,0.000027741,0,0.000085022,0,9.799912276,-0.000497085,0,1,0,-0.000004338,0,0
1686731160.94037,0,0.000028865,0,0.000073889,0,9.799908722,-0.00043199,0,1,0,-0.00000377,0,0
1686731160.98014,0,0.000029453,0,0.00006243,0,9.799906863,-0.000364999,0,1,0,-0.000003185,0,0
1686731161.02022,0,0.000028481,0,0.000051084,0,9.799909935,-0.000298663,0,1,0,-0.000002606,0,0
1686731161.06047,0,0.000027891,0,0.000040063,0,9.799911802,-0.000234231,0,1,0,-0.000002044,0,0
1686731161.101,0,0.000027606,0,0.0000292,0,9.799912701,-0.000170716,0,1,0,-0.00000149,0,0
1686731161.14025,0,0.000024214,0,0.000019107,0,9.799923429,-0.00011171,0,1,0,-0.000000975,0,0
1686731161.18109,0,0.000022263,0,0.000010091,0,9.7999296,-0.000058997,0,1,0,-0.000000515,0,0
1686731161.22021,0,0.000018645,0,0.000002166,0,9.799941039,-0.000012662,0,1,0,-0.00000011,0,0
1686731161.26111,0,0.000016641,0,-0.000004655,0,9.799947375,0.000027214,0,1,0,0.000000237,0,0
1686731161.30102,0,0.000015676,0,-0.000010943,0,9.799950427,0.000063978,0,1,0,0.000000558,0,0
1686731161.34009,0,0.00001151,0,-0.000016183,0,9.799963602,0.000094617,0,1,0,0.000000826,0,0
1686731161.38015,0,0.000009142,0,-0.000020118,0,9.799971089,0.000117621,0,1,0,0.000001026,0,0
1686731161.42105,0,0.000005772,0,-0.000022947,0,9.799981748,0.000134161,0,1,0,0.000001171,0,0
1686731161.46007,0,0.000003931,0,-0.000024761,0,9.79998757,0.000144765,0,1,0,0.000001263,0,0
1686731161.50054,0,0.000003044,0,-0.000026086,0,9.799990374,0.00015251,0,1,0,0.000001331,0,0
1686731161.54031,0,0.000000285,0,-0.000026676,0,9.799999098,0.000155964,0,1,0,0.000001361,0,0
1686731161.58026,0,-0.000001271,0,-0.000026409,0,9.800004018,0.0001544,0,1,0,0.000001347,0,0
1686731161.62039,0,-0.000003071,0,-0.000025503,0,9.800009712,0.000149106,0,1,0,0.000001301,0,0
1686731161.66014,0,-0.000004041,0,-0.000024063,0,9.800012778,0.000140685,0,1,0,0.000001228,0,0
1686731161.6999,0,-0.000004508,0,-0.000022365,0,9.800014255,0.000130758,0,1,0,0.000001141,0,0
1686731161.74136,0,-0.000005386,0,-0.000020404,0,9.800017031,0.00011929,0,1,0,0.000001041,0,0
1686731161.77773,0,-0.000005872,0,-0.000018174,0,9.800018569,0.000106254,0,1,0,0.000000927,0,0
1686731161.81784,0,-0.000006125,0,-0.000015811,0,9.800019367,0.000092437,0,1,0,0.000000807,0,0
1686731161.85893,0,-0.000006246,0,-0.00001338,0,9.800019752,0.000078227,0,1,0,0.000000683,0,0
1686731161.9011,0,-0.000006305,0,-0.000010917,0,9.800019937,0.000063828,0,1,0,0.000000557,0,0
1686731161.94109,0,-0.000005875,0,-0.000008537,0,9.800018579,0.000049911,0,1,0,0.000000436,0,0
1686731161.98017,0,-0.000005624,0,-0.000006295,0,9.800017784,0.000036804,0,1,0,0.000000321,0,0
1686731162.02112,0,-0.000005001,0,-0.000004227,0,9.800015813,0.000024716,0,1,0,0.000000216,0,0
1686731162.06103,0,-0.000004652,0,-0.000002352,0,9.800014709,0.000013753,0,1,0,0.00000012,0,0
1686731162.10106,0,-0.000004483,0,-0.00000057,0,9.800014178,0.000003332,0,1,0,0.000000029,0,0
1686731162.14032,0,-0.000003593,0,0.000000995,0,9.800011361,-0.000005816,0,1,0,-0.000000051,0,0
1686731162.18215,0,-0.000003085,0,0.000002279,0,9.800009755,-0.000013326,0,1,0,-0.000000116,0,0
1686731162.21842,0,-0.000002298,0,0.000003313,0,9.800007266,-0.000019369,0,1,0,-0.000000169,0,0
1686731162.25824,0,-0.000001866,0,0.000004108,0,9.8000059,-0.000024019,0,1,0,-0.00000021,0,0
1686731162.3004,0,-0.000001658,0,0.000004789,0,9.800005242,-0.000027998,0,1,0,-0.000000244,0,0
1686731162.34021,0,-0.000000921,0,0.000005278,0,9.800002914,-0.00003086,0,1,0,-0.000000269,0,0
1686731162.38035,0,-0.000000505,0,0.000005538,0,9.800001597,-0.000032378,0,1,0,-0.000000283,0,0
1686731162.42044,0,0.000000025,0,0.000005617,0,9.79999992,-0.000032837,0,1,0,-0.000000287,0,0
1686731162.46037,0,0.000000313,0,0.000005537,0,9.799999011,-0.00003237,0,1,0,-0.000000282,0,0
1686731162.5012,0,0.000000451,0,0.00000538,0,9.799998573,-0.000031456,0,1,0,-0.000000275,0,0
1686731162.54098,0,0.000000795,0,0.000005128,0,9.799997487,-0.000029981,0,1,0,-0.000000262,0,0
1686731162.57987,0,0.000000987,0,0.00000477,0,9.799996879,-0.000027885,0,1,0,-0.000000243,0,0
1686731162.62044,0,0.000001162,0,0.000004342,0,9.799996324,-0.000025388,0,1,0,-0.000000222,0,0
1686731162.66122,0,0.000001255,0,0.000003864,0,9.799996031,-0.000022592,0,1,0,-0.000000197,0,0
1686731162.70151,0,0.0000013,0,0.000003361,0,9.79999589,-0.000019652,0,1,0,-0.000000171,0,0
1686731162.74121,0,0.000001302,0,0.000002851,0,9.799995884,-0.000016667,0,1,0,-0.000000145,0,0
1686731162.78129,0,0.000001301,0,0.000002341,0,9.799995887,-0.000013686,0,1,0,-0.000000119,0,0
1686731162.82011,0,0.000001225,0,0.000001847,0,9.799996126,-0.000010799,0,1,0,-0.000000094,0,0
1686731162.86108,0,0.000001182,0,0.000001377,0,9.799996263,-0.000008053,0,1,0,-0.00000007,0,0
1686731162.90102,0,0.000001161,0,0.000000919,0,9.79999633,-0.000005375,0,1,0,-0.000000047,0,0
1686731162.94022,0,0.000000993,0,0.000000501,0,9.79999686,-0.000002927,0,1,0,-0.000000026,0,0
1686731162.98026,0,0.000000897,0,0.000000135,0,9.799997164,-0.000000788,0,1,0,-0.000000007,0,0
1686731163.02104,0,0.00000073,0,-0.00000018,0,9.799997692,0.000001051,0,1,0,0.000000009,0,0
1686731163.06052,0,0.000000638,0,-0.000000443,0,9.799997983,0.000002592,0,1,0,0.000000023,0,0
1686731163.10136,0,0.000000593,0,-0.000000683,0,9.799998123,0.00000399,0,1,0,0.000000035,0,0
1686731163.14096,0,0.000000414,0,-0.000000876,0,9.799998691,0.000005122,0,1,0,0.000000045,0,0
1686731163.18047,0,0.000000312,0,-0.000001014,0,9.799999014,0.000005926,0,1,0,0.000000052,0,0
1686731163.2212,0,0.000000172,0,-0.000001104,0,9.799999458,0.000006456,0,1,0,0.000000056,0,0
1686731163.26109,0,0.000000095,0,-0.000001153,0,9.7999997,0.00000674,0,1,0,0.000000059,0,0
1686731163.3011,0,0.000000058,0,-0.000001181,0,9.799999816,0.000006905,0,1,0,0.00000006,0,0
1686731163.34113,0,-0.00000005,0,-0.00000118,0,9.800000159,0.0000069,0,1,0,0.00000006,0,0
1686731163.3811,0,-0.000000111,0,-0.000001146,0,9.800000351,0.000006698,0,1,0,0.000000058,0,0
1686731163.42033,0,-0.000000178,0,-0.000001087,0,9.800000563,0.000006355,0,1,0,0.000000055,0,0
1686731163.46095,0,-0.000000214,0,-0.000001008,0,9.800000677,0.000005895,0,1,0,0.000000051,0,0
1686731163.49878,0,-0.000000231,0,-0.00000092,0,9.800000732,0.00000538,0,1,0,0.000000047,0,0
1686731163.53776,0,-0.00000026,0,-0.000000823,0,9.800000821,0.000004809,0,1,0,0.000000042,0,0
1686731163.57755,0,-0.000000273,0,-0.000000717,0,9.800000864,0.000004194,0,1,0,0.000000037,0,0
1686731163.61907,0,-0.000000274,0,-0.00000061,0,9.800000867,0.000003567,0,1,0,0.000000031,0,0
1686731163.66039,0,-0.000000275,0,-0.000000502,0,9.800000868,0.000002938,0,1,0,0.000000026,0,0
1686731163.69987,0,-0.000000275,0,-0.000000395,0,9.800000869,0.000002308,0,1,0,0.00000002,0,0
1686731163.74037,0,-0.000000249,0,-0.000000293,0,9.800000789,0.00000171,0,1,0,0.000000015,0,0
1686731163.78019,0,-0.000000235,0,-0.000000198,0,9.800000742,0.00000116,0,1,0,0.00000001,0,0
1686731163.82017,0,-0.000000204,0,-0.000000113,0,9.800000644,0.000000662,0,1,0,0.000000006,0,0
1686731163.86023,0,-0.000000186,0,-0.000000038,0,9.800000589,0.00000022,0,1,0,0.000000002,0,0
1686731163.90014,0,-0.000000178,0,0.000000033,0,9.800000563,-0.000000195,0,1,0,-0.000000002,0,0
1686731163.94098,0,-0.000000138,0,0.000000095,0,9.800000437,-0.000000553,0,1,0,-0.000000005,0,0
1686731163.98033,0,-0.000000115,0,0.000000143,0,9.800000365,-0.000000837,0,1,0,-0.000000007,0,0
1686731164.02018,0,-0.000000081,0,0.000000181,0,9.800000257,-0.000001057,0,1,0,-0.000000009,0,0
1686731164.06099,0,-0.000000063,0,0.000000208,0,9.800000199,-0.000001217,0,1,0,-0.000000011,0,0
1686731164.10028,0,-0.000000054,0,0.000000231,0,9.80000017,-0.000001348,0,1,0,-0.000000012,0,0
1686731164.13831,0,-0.000000024,0,0.000000245,0,9.800000075,-0.000001433,0,1,0,-0.000000013,0,0
1686731164.17757,0,-0.000000007,0,0.00000025,0,9.800000022,-0.000001463,0,1,0,-0.000000013,0,0
1686731164.21799,0,0.000000015,0,0.000000248,0,9.799999952,-0.000001448,0,1,0,-0.000000013,0,0
1686731164.25916,0,0.000000026,0,0.000000239,0,9.799999918,-0.000001398,0,1,0,-0.000000012,0,0
1686731164.30112,0,0.000000031,0,0.000000228,0,9.799999902,-0.000001331,0,1,0,-0.000000012,0,0
1686731164.34039,0,0.578484319,0,-0.123658044,0,7.969891763,0.722986946,0,0.999980097,0,0.006309209,0,0
1686731164.38115,0,0.913576486,0,-0.431975397,0,6.90149231,2.526366221,0,0.999756981,0,0.022044918,0,0
1686731164.4212,0,1.074986902,0,-0.828595556,0,6.365500995,4.850181217,0,0.999104396,0,0.042313179,0,0
1686731164.46023,0,1.087110532,0,-1.252470614,0,6.28189031,7.342661625,0,0.997947783,0,0.064032971,0,0
1686731164.50028,0,1.086550996,0,-1.673671792,0,6.220049262,9.833337897,0,0.996320404,0,0.085706784,0,0
1686731164.54108,0,0.953557592,0,-2.063837686,0,6.564803978,12.15726302,0,0.994377506,0,0.105893225,0,0
1686731164.57786,0,0.87655552,0,-2.409468627,0,6.727270181,14.23290779,0,0.992296402,0,0.123886444,0,0
1686731164.61735,0,0.839465652,0,-2.732299818,0,6.756781185,16.188962184,0,0.990037225,0,0.140805869,0,0
1686731164.65988,0,0.59238512,0,-2.989416743,0,7.459633331,17.76072232,0,0.988012837,0,0.154371742,0,0
1686731164.70024,0,0.473370895,0,-3.18227709,0,7.772002445,18.948742507,0,0.98635933,0,0.164606418,0,0
1686731164.73979,0,0.29634332,0,-3.320004613,0,8.28337738,19.802317755,0,0.985105848,0,0.171949025,0,0
1686731164.78044,0,0.199400526,0,-3.406917373,0,8.558178605,20.343317659,0,0.984283082,0,0.17659789,0,0
1686731164.82028,0,0.152705687,0,-3.469454091,0,8.682411175,20.73375755,0,0.98367566,0,0.179950538,0,0
1686731164.85987,0,0.01565347,0,-3.497389854,0,9.105184751,20.908495603,0,0.983400114,0,0.181450312,0,0
1686731164.90049,0,-0.061532472,0,-3.485541659,0,9.353785748,20.834360447,0,0.983517298,0,0.180814062,0,0
1686731164.93993,0,-0.150032457,0,-3.444238326,0,9.649258853,20.576206158,0,0.983922143,0,0.178597917,0,0
1686731164.98101,0,-0.19766511,0,-3.378218038,0,9.824400357,20.164468028,0,0.984557509,0,0.175061448,0,0
1686731165.02139,0,-0.220608478,0,-3.300111815,0,9.925261037,19.67875263,0,0.98529069,0,0.170886677,0,0
1686731165.06038,0,-0.275845501,0,-3.207087689,0,10.13267741,19.102179602,0,0.986138039,0,0.165926996,0,0
1686731165.10005,0,-0.30676038,0,-3.097568053,0,10.267645707,18.425926448,0,0.987100067,0,0.160104524,0,0
1686731165.13993,0,-0.342952119,0,-2.975456202,0,10.421889563,17.675037574,0,0.98812799,0,0.153632921,0,0
1686731165.18007,0,-0.362461807,0,-2.842538012,0,10.524902953,16.861242785,0,0.989194118,0,0.146611718,0,0
1686731165.22169,0,-0.371859093,0,-2.704065366,0,10.59547745,16.017147924,0,0.990247231,0,0.139321287,0,0
1686731165.26029,0,-0.399174073,0,-2.557894053,0,10.722594069,15.129976501,0,0.991296173,0,0.131650663,0,0
1686731165.30036,0,-0.414553131,0,-2.402887754,0,10.811781038,14.193217724,0,0.992339252,0,0.123542744,0,0
1686731165.34007,0,-0.43322233,0,-2.240918933,0,10.910319517,13.218499068,0,0.993354198,0,0.115097514,0,0
1686731165.38109,0,-0.443312917,0,-2.072862881,0,10.98014766,12.2112449,0,0.994327512,0,0.106361645,0,0
1686731165.42102,0,-0.448173277,0,-1.901536752,0,11.030996726,11.188319263,0,0.995237342,0,0.097481452,0,0
1686731165.46106,0,-0.454802128,0,-1.727431423,0,11.084763398,10.152486147,0,0.996077839,0,0.088481294,0,0
1686731165.50135,0,-0.458413175,0,-1.550795152,0,11.126149489,9.105009779,0,0.996845017,0,0.079372621,0,0
1686731165.5409,0,-0.452874148,0,-1.374231363,0,11.135282775,8.061021902,0,0.997526762,0,0.070287683,0,0
1686731165.5787,0,-0.449496416,0,-1.199060175,0,11.147801514,7.02792499,0,0.998119892,0,0.061291775,0,0
1686731165.61766,0,-0.447869455,0,-1.024391521,0,11.162600824,6.00007396,0,0.998629501,0,0.052336601,0,0
1686731165.65759,0,-0.41662576,0,-0.857221106,0,11.079923119,5.018163298,0,0.999041295,0,0.043777741,0,0
1686731165.7004,0,-0.40157652,0,-0.69807774,0,11.045001953,4.084776546,0,0.999364734,0,0.035638851,0,0
1686731165.74107,0,-0.36602841,0,-0.548780999,0,10.942106065,3.210131768,0,0.999607642,0,0.02801002,0,0
1686731165.78117,0,-0.346146307,0,-0.410311973,0,10.886017377,2.3995937,0,0.999780758,0,0.020938875,0,0
1686731165.82042,0,-0.336569638,0,-0.277040287,0,10.860409981,1.619934097,0,0.99990008,0,0.014136121,0,0
1686731165.86027,0,-0.283770682,0,-0.156560693,0,10.696111035,0.9153723,0,0.999968095,0,0.007988045,0,0
1686731165.89963,0,-0.253640076,0,-0.052674243,0,10.601938784,0.30796187,0,0.999996389,0,0.002687471,0,0
1686731165.94112,0,-0.204603399,0,0.035834087,0,10.446947243,-0.209504747,0,0.999998329,0,-0.001828273,0,0
1686731165.98028,0,-0.177617261,0,0.109457733,0,10.361063801,-0.639958828,0,0.999984406,0,-0.005584665,0,0
1686731166.02103,0,-0.16461877,0,0.17590775,0,10.31899138,-1.02850132,0,0.999959722,0,-0.008975247,0,0
1686731166.06031,0,-0.114446716,0,0.229513425,0,10.159224351,-1.341974796,0,0.999931428,0,-0.011710672,0,0
1686731166.1002,0,-0.085998297,0,0.267429156,0,10.068300919,-1.563720849,0,0.999906894,0,-0.013645615,0,0
1686731166.14106,0,-0.047366464,0,0.292460614,0,9.945421001,-1.710127254,0,0.999888644,0,-0.014923122,0,0
1686731166.18123,0,-0.02632766,0,0.305893156,0,9.878480197,-1.788697351,0,0.999878177,0,-0.015608695,0,0
1686731166.22017,0,-0.01619384,0,0.313739249,0,9.846186074,-1.834592538,0,0.999871845,0,-0.016009156,0,0
1686731166.26041,0,0.01309406,0,0.313679811,0,9.753571505,-1.834244852,0,0.999871894,0,-0.016006122,0,0
1686731166.29833,0,0.029581212,0,0.30453225,0,9.701723224,-1.780736941,0,0.999879259,0,-0.015539236,0,0
1686731166.33731,0,0.048578501,0,0.288312677,0,9.642139342,-1.685865655,0,0.999891781,0,-0.014711423,0,0
1686731166.3774,0,0.057728979,0,0.267047744,0,9.61380577,-1.561490091,0,0.99990716,0,-0.01362615,0,0
1686731166.41791,0,0.062136514,0,0.243351559,0,9.600485195,-1.422903121,0,0.999922908,0,-0.012416853,0,0
1686731166.45921,0,0.069349534,0,0.217242874,0,9.578289341,-1.270216269,0,0.999938565,0,-0.011084501,0,0
1686731166.50042,0,0.072823849,0,0.189216925,0,9.567883914,-1.106327034,0,0.999953395,0,-0.009654375,0,0
1686731166.54045,0,0.073006627,0,0.16058526,0,9.567816991,-0.938905044,0,0.999966434,0,-0.008193401,0,0
1686731166.58048,0,0.072949304,0,0.131983834,0,9.568425244,-0.771667885,0,0.999977326,0,-0.006734022,0,0
1686731166.62013,0,0.072921693,0,0.10339651,0,9.568855894,-0.604519753,0,0.999986085,0,-0.005275406,0,0
1686731166.66134,0,0.066037957,0,0.076284317,0,9.590872737,-0.446001384,0,0.999992426,0,-0.003892086,0,0
1686731166.70025,0,0.062052294,0,0.0513696,0,9.603638781,-0.300334159,0,0.999996565,0,-0.002620907,0,0
1686731166.74037,0,0.053739214,0,0.02888002,0,9.63001913,-0.168847515,0,0.999998914,0,-0.001473472,0,0
1686731166.77996,0,0.049111603,0,0.00894241,0,9.644691396,-0.052281877,0,0.999999896,0,-0.000456245,0,0
1686731166.81995,0,0.046882608,0,-0.00976595,0,9.651739309,0.057096718,0,0.999999876,0,0.000498263,0,0
1686731166.86047,0,0.036273711,0,-0.025843783,0,9.685258376,0.151096062,0,0.999999131,0,0.001318562,0,0
1686731166.90045,0,0.030233887,0,-0.038590618,0,9.704316073,0.225620942,0,0.999998062,0,0.001968913,0,0
1686731166.94007,0,0.021247399,0,-0.048433832,0,9.732690139,0.283169945,0,0.999996947,0,0.002471121,0,0
1686731166.98115,0,0.016326242,0,-0.055563031,0,9.748214376,0.324851449,0,0.999995982,0,0.00283486,0,0
1686731167.02109,0,0.013955855,0,-0.06138496,0,9.75567546,0.358890012,0,0.999995096,0,0.003131901,0,0
1686731167.06023,0,0.006040156,0,-0.065129147,0,9.780682928,0.380780891,0,0.999994479,0,0.003322934,0,0
1686731167.10139,0,0.001566834,0,-0.066406352,0,9.794820242,0.388248247,0,0.99999426,0,0.003388099,0,0
1686731167.13973,0,-0.003904719,0,-0.065786236,0,9.812126996,0.38462265,0,0.999994367,0,0.00335646,0,0
1686731167.18124,0,-0.006863655,0,-0.063534305,0,9.821498831,0.371456429,0,0.999994746,0,0.003241563,0,0
1686731167.22001,0,-0.008288894,0,-0.060496368,0,9.826025056,0.353694751,0,0.999995237,0,0.003086564,0,0
1686731167.26007,0,-0.011479997,0,-0.056544418,0,9.836139811,0.330589233,0,0.999995839,0,0.002884931,0,0
1686731167.30088,0,-0.013261295,0,-0.051610089,0,9.841799999,0.301740199,0,0.999996533,0,0.002633177,0,0
1686731167.34042,0,-0.014649275,0,-0.046089271,0,9.846216695,0.269462289,0,0.999997235,0,0.0023515,0,0
1686731167.38015,0,-0.015369506,0,-0.040171234,0,9.848520312,0.234862105,0,0.9999979,0,0.002049557,0,0
1686731167.42138,0,-0.015716422,0,-0.034061861,0,9.849640495,0.199143347,0,0.99999849,0,0.001737853,0,0
1686731167.45969,0,-0.015203722,0,-0.028005642,0,9.848038374,0.163735436,0,0.999998979,0,0.001428861,0,0
1686731167.50031,0,-0.014890479,0,-0.022122165,0,9.847062861,0.129337526,0,0.999999363,0,0.001128683,0,0
1686731167.54019,0,-0.013664952,0,-0.016551621,0,9.843198394,0.096769234,0,0.999999643,0,0.000844471,0,0
1686731167.58152,0,-0.012969857,0,-0.011364416,0,9.841007699,0.066442166,0,0.999999832,0,0.000579817,0,0
1686731167.62032,0,-0.011344502,0,-0.006637739,0,9.835872218,0.038807598,0,0.999999943,0,0.00033866,0,0
1686731167.66027,0,-0.010435769,0,-0.002412226,0,9.833000501,0.0141031,0,0.999999992,0,0.000123073,0,0
1686731167.70033,0,-0.009998057,0,0.001571889,0,9.831616505,-0.009190064,0,0.999999997,0,-0.000080198,0,0
1686731167.74014,0,-0.007808982,0,0.005016834,0,9.824692884,-0.029330962,0,0.999999967,0,-0.000255961,0,0
1686731167.78101,0,-0.006561661,0,0.007773882,0,9.820746709,-0.045450068,0,0.999999921,0,-0.000396627,0,0
1686731167.82037,0,-0.00596086,0,0.010199588,0,9.818844587,-0.059631986,0,0.999999865,0,-0.000520387,0,0
1686731167.86095,0,-0.003836494,0,0.012073427,0,9.812124621,-0.070587404,0,0.99999981,0,-0.000615991,0,0
1686731167.90029,0,-0.002634311,0,0.013284263,0,9.808321419,-0.077666573,0,0.99999977,0,-0.000677769,0,0
1686731167.9414,0,-0.001052029,0,0.013961286,0,9.803316863,-0.081624798,0,0.999999746,0,-0.000712311,0,0
1686731167.98024,0,-0.00019206,0,0.014164037,0,9.800597111,-0.082810188,0,0.999999739,0,-0.000722655,0,0
1686731168.02042,0,0.000222164,0,0.014138345,0,9.799287258,-0.082659979,0,0.99999974,0,-0.000721344,0,0
1686731168.06103,0,0.001340834,0,0.013806128,0,9.795750187,-0.080717667,0,0.999999752,0,-0.000704394,0,0
1686731168.10033,0,0.001969295,0,0.013127316,0,9.793763749,-0.07674898,0,0.999999776,0,-0.000669761,0,0
1686731168.14014,0,0.002608692,0,0.012209583,0,9.791742985,-0.071383444,0,0.999999806,0,-0.000622938,0,0
1686731168.18053,0,0.002949503,0,0.011103893,0,9.79066656,-0.064919016,0,0.99999984,0,-0.000566525,0,0
1686731168.22128,0,0.003113663,0,0.00990767,0,9.790148725,-0.057925281,0,0.999999872,0,-0.000505493,0,0
1686731168.26044,0,0.003273589,0,0.008650554,0,9.789644186,-0.05057554,0,0.999999903,0,-0.000441355,0,0
1686731168.34052,0,0.003267885,0,0.006048218,0,9.789664175,-0.035360958,0,0.999999952,0,-0.000308583,0,0
1686731168.38126,0,0.00321141,0,0.004780975,0,9.789843463,-0.027952009,0,0.99999997,0,-0.000243927,0,0
1686731168.4204,0,0.003184208,0,0.003528733,0,9.789930014,-0.020630769,0,0.999999984,0,-0.000180037,0,0
1686731168.46022,0,0.002807246,0,0.002361502,0,9.791122424,-0.013806539,0,0.999999993,0,-0.000120485,0,0
1686731168.50017,0,0.002590193,0,0.001313975,0,9.791809004,-0.007682163,0,0.999999998,0,-0.00006704,0,0
1686731168.5403,0,0.002180919,0,0.000389248,0,9.79310332,-0.002275743,0,1,0,-0.00001986,0,0
1686731168.57976,0,0.001954069,0,-0.000410371,0,9.793820682,0.002399235,0,1,0,0.000020937,0,0
1686731168.6178,0,0.001844801,0,-0.001149728,0,9.794166158,0.006721896,0,0.999999998,0,0.00005866,0,0
1686731168.65782,0,0.001324589,0,-0.001746073,0,9.795811126,0.01020843,0,0.999999996,0,0.000089085,0,0
1686731168.69791,0,0.001074017,0,-0.002204227,0,9.796603413,0.012887032,0,0.999999994,0,0.000112461,0,0
1686731168.78049,0,0.000480684,0,-0.002744638,0,9.798479558,0.016046549,0,0.99999999,0,0.000140033,0,0
1686731168.8206,0,0.000387777,0,-0.002910417,0,9.798773309,0.017015779,0,0.999999989,0,0.000148491,0,0
1686731168.86047,0,0.000077556,0,-0.002994766,0,9.799754288,0.017508925,0,0.999999988,0,0.000152794,0,0
1686731168.90038,0,-0.000097755,0,-0.002982431,0,9.800308676,0.017436806,0,0.999999988,0,0.000152165,0,0
1686731168.94116,0,-0.000305548,0,-0.002897156,0,9.800965799,0.016938247,0,0.999999989,0,0.000147814,0,0
1686731168.98156,0,-0.000417664,0,-0.00275005,0,9.801320384,0.016078188,0,0.99999999,0,0.000140309,0,0
1686731169.02014,0,-0.000538955,0,-0.002558776,0,9.801703992,0.014959905,0,0.999999991,0,0.00013055,0,0
1686731169.06038,0,-0.000603939,0,-0.002331664,0,9.801909546,0.013632092,0,0.999999993,0,0.000118962,0,0
1686731169.10049,0,-0.00063524,0,-0.002087289,0,9.802008584,0.012203353,0,0.999999994,0,0.000106494,0,0
1686731169.1416,0,-0.000667426,0,-0.001830942,0,9.802110416,0.010704617,0,0.999999996,0,0.000093415,0,0
1686731169.18024,0,-0.000684598,0,-0.001565125,0,9.802164763,0.009150515,0,0.999999997,0,0.000079853,0,0
1686731169.22036,0,-0.000692869,0,-0.001294746,0,9.802190958,0.007569745,0,0.999999998,0,0.000066058,0,0
1686731169.26075,0,-0.000651315,0,-0.001031905,0,9.802059584,0.006033043,0,0.999999999,0,0.000052648,0,0
1686731169.30117,0,-0.000626859,0,-0.000782552,0,9.801982271,0.004575195,0,0.999999999,0,0.000039926,0,0
1686731169.33991,0,-0.000562423,0,-0.000550951,0,9.801778523,0.00322114,0,1,0,0.00002811,0,0
1686731169.38017,0,-0.000526252,0,-0.000339299,0,9.801664148,0.001983714,0,1,0,0.000017311,0,0
1686731169.42109,0,-0.000508829,0,-0.000137256,0,9.801609057,0.000802466,0,1,0,0.000007003,0,0
1686731169.46034,0,-0.000413018,0,0.000041472,0,9.801306077,-0.000242464,0,1,0,-0.000002116,0,0
1686731169.50016,0,-0.000358344,0,0.000190046,0,9.801133181,-0.001111106,0,1,0,-0.000009696,0,0
1686731169.54027,0,-0.000272331,0,0.000311339,0,9.80086118,-0.001820247,0,1,0,-0.000015885,0,0
1686731169.58038,0,-0.000225081,0,0.000406574,0,9.80071176,-0.00237704,0,1,0,-0.000020744,0,0
1686731169.62112,0,-0.000202322,0,0.000489258,0,9.800639787,-0.002860451,0,1,0,-0.000024962,0,0
1686731169.66031,0,-0.000120035,0,0.000550649,0,9.80037957,-0.003219372,0,1,0,-0.000028094,0,0
1686731169.70159,0,-0.000073445,0,0.000586345,0,9.800232236,-0.003428069,0,1,0,-0.000029916,0,0
1686731169.74002,0,-0.000013249,0,0.000601593,0,9.800041877,-0.00351722,0,1,0,-0.000030694,0,0
1686731169.78055,0,0.000019428,0,0.000598821,0,9.799938545,-0.003501011,0,1,0,-0.000030552,0,0
1686731169.81996,0,0.000035167,0,0.000587368,0,9.799888773,-0.003434053,0,1,0,-0.000029968,0,0
1686731169.86062,0,0.00007567,0,0.000564697,0,9.799760694,-0.003301504,0,1,0,-0.000028811,0,0
1686731169.90085,0,0.000098389,0,0.000529495,0,9.799688852,-0.0030957,0,1,0,-0.000027015,0,0
1686731169.94011,0,0.000120108,0,0.000485956,0,9.799620172,-0.002841143,0,1,0,-0.000024794,0,0
1686731169.98025,0,0.00013162,0,0.000436067,0,9.79958377,-0.002549468,0,1,0,-0.000022248,0,0
1686731170.02145,0,0.000137166,0,0.00038312,0,9.799566237,-0.002239913,0,1,0,-0.000019547,0,0
1686731170.06107,0,0.000139692,0,0.000328731,0,9.79955825,-0.001921926,0,1,0,-0.000016772,0,0
1686731170.10045,0,0.000140895,0,0.000273678,0,9.799554448,-0.001600062,0,1,0,-0.000013963,0,0
1686731170.14037,0,0.000134308,0,0.000219838,0,9.799575278,-0.001285286,0,1,0,-0.000011216,0,0
1686731170.18148,0,0.000130437,0,0.000168133,0,9.799587521,-0.000982992,0,1,0,-0.000008578,0,0
1686731170.22033,0,0.000118078,0,0.0001197,0,9.799626603,-0.000699826,0,1,0,-0.000006107,0,0
1686731170.26114,0,0.000111102,0,0.000075114,0,9.799648663,-0.000439153,0,1,0,-0.000003832,0,0
1686731170.3005,0,0.000107742,0,0.000032381,0,9.799659289,-0.000189314,0,1,0,-0.000001652,0,0
1686731170.34067,0,0.000088047,0,-0.000005595,0,9.799721572,0.000032713,0,1,0,0.000000285,0,0
1686731170.3802,0,0.000076797,0,-0.000037367,0,9.799757145,0.000218468,0,1,0,0.000001906,0,0
1686731170.42116,0,0.000071379,0,-0.000066151,0,9.79977428,0.000386752,0,1,0,0.000003375,0,0
1686731170.46021,0,0.000050593,0,-0.00008961,0,9.799840011,0.000523903,0,1,0,0.000004572,0,0
1686731170.50036,0,0.000038809,0,-0.000106569,0,9.799877276,0.000623058,0,1,0,0.000005437,0,0
1686731170.54061,0,0.000022562,0,-0.000118139,0,9.799928651,0.0006907,0,1,0,0.000006027,0,0
1686731170.58025,0,0.000013706,0,-0.000124824,0,9.799956656,0.000729787,0,1,0,0.000006369,0,0
1686731170.62104,0,0.000009441,0,-0.000129157,0,9.799970145,0.00075512,0,1,0,0.00000659,0,0
1686731170.66022,0,-0.000003188,0,-0.000130097,0,9.800010082,0.000760611,0,1,0,0.000006638,0,0
1686731170.70071,0,-0.000010303,0,-0.000127113,0,9.800032579,0.000743164,0,1,0,0.000006485,0,0
1686731170.74044,0,-0.00001823,0,-0.000121276,0,9.800057648,0.000709043,0,1,0,0.000006188,0,0
1686731170.78012,0,-0.000022487,0,-0.000113092,0,9.800071111,0.000661195,0,1,0,0.00000577,0,0
1686731170.8192,0,-0.000024538,0,-0.000103777,0,9.800077596,0.000606735,0,1,0,0.000005295,0,0
1686731170.85907,0,-0.00002813,0,-0.000093283,0,9.800088955,0.000545378,0,1,0,0.000004759,0,0
1686731170.89799,0,-0.00002986,0,-0.000081834,0,9.800094427,0.000478442,0,1,0,0.000004175,0,0
1686731170.93821,0,-0.000030259,0,-0.000070031,0,9.800095687,0.00040944,0,1,0,0.000003573,0,0
1686731170.97949,0,-0.000030451,0,-0.000058123,0,9.800096293,0.000339818,0,1,0,0.000002965,0,0
1686731171.02022,0,-0.000030543,0,-0.000046164,0,9.800096586,0.000269898,0,1,0,0.000002355,0,0
1686731171.06112,0,-0.000027914,0,-0.000034752,0,9.800088272,0.000203177,0,1,0,0.000001773,0,0
1686731171.10076,0,-0.000026387,0,-0.000024182,0,9.800083443,0.000141379,0,1,0,0.000001234,0,0
1686731171.1406,0,-0.000023046,0,-0.000014574,0,9.800072879,0.000085209,0,1,0,0.000000744,0,0
1686731171.18024,0,-0.000021183,0,-0.000005994,0,9.800066988,0.000035046,0,1,0,0.000000306,0,0
1686731171.22034,0,-0.000020286,0,0.000002091,0,9.80006415,-0.000012224,0,1,0,-0.000000107,0,0
1686731171.2604,0,-0.000015876,0,0.000009087,0,9.800050203,-0.000053128,0,1,0,-0.000000464,0,0
1686731171.30029,0,-0.000013363,0,0.000014698,0,9.800042259,-0.000085932,0,1,0,-0.00000075,0,0
1686731171.34055,0,-0.000009579,0,0.000019091,0,9.80003029,-0.000111616,0,1,0,-0.000000974,0,0
1686731171.38009,0,-0.000007504,0,0.00002234,0,9.800023731,-0.000130612,0,1,0,-0.00000114,0,0
1686731171.42013,0,-0.000006505,0,0.000025038,0,9.800020572,-0.000146387,0,1,0,-0.000001277,0,0
1686731171.4602,0,-0.000003108,0,0.000026848,0,9.800009829,-0.000156966,0,1,0,-0.00000137,0,0
1686731171.50061,0,-0.000001188,0,0.000027598,0,9.800003756,-0.000161352,0,1,0,-0.000001408,0,0
1686731171.53989,0,0.000001191,0,0.000027527,0,9.799996232,-0.000160939,0,1,0,-0.000001404,0,0
1686731171.58041,0,0.000002479,0,0.000026746,0,9.79999216,-0.000156373,0,1,0,-0.000001365,0,0
1686731171.62026,0,0.0000031,0,0.000025623,0,9.799990198,-0.000149806,0,1,0,-0.000001307,0,0
1686731171.66053,0,0.000004537,0,0.000024092,0,9.799985653,-0.000140854,0,1,0,-0.000001229,0,0
1686731171.7004,0,0.00000534,0,0.000022118,0,9.799983113,-0.000129312,0,1,0,-0.000001128,0,0
1686731171.74058,0,0.000006003,0,0.000019871,0,9.799981018,-0.000116177,0,1,0,-0.000001014,0,0
1686731171.7805,0,0.000006349,0,0.000017434,0,9.799979924,-0.000101927,0,1,0,-0.000000889,0,0
1686731171.82159,0,0.000006515,0,0.000014905,0,9.799979397,-0.00008714,0,1,0,-0.00000076,0,0
1686731171.86041,0,0.000006366,0,0.00001238,0,9.799979868,-0.00007238,0,1,0,-0.000000632,0,0
1686731171.90009,0,0.000006272,0,0.000009907,0,9.799980165,-0.000057924,0,1,0,-0.000000505,0,0
1686731171.94061,0,0.000005802,0,0.000007551,0,9.799981653,-0.000044144,0,1,0,-0.000000385,0,0
1686731171.98104,0,0.000005534,0,0.000005342,0,9.799982501,-0.00003123,0,1,0,-0.000000273,0,0
1686731172.01904,0,0.000005405,0,0.000003204,0,9.799982909,-0.000018731,0,1,0,-0.000000163,0,0
1686731172.05813,0,0.000004457,0,0.000001316,0,9.799985905,-0.000007695,0,1,0,-0.000000067,0,0
1686731172.09873,0,0.000004001,0,-0.00000032,0,9.799987348,0.00000187,0,1,0,0.000000016,0,0
1686731172.14127,0,0.000003143,0,-0.000001679,0,9.799990061,0.000009816,0,1,0,0.000000086,0,0
1686731172.18133,0,0.00000273,0,-0.00000281,0,9.799991368,0.00001643,0,1,0,0.000000143,0,0
1686731172.22161,0,0.000002531,0,-0.000003832,0,9.799991997,0.000022402,0,1,0,0.000000195,0,0
1686731172.26032,0,0.000001706,0,-0.000004645,0,9.799994606,0.000027154,0,1,0,0.000000237,0,0
1686731172.30033,0,0.000001237,0,-0.000005199,0,9.799996088,0.000030395,0,1,0,0.000000265,0,0
1686731172.34059,0,0.000000598,0,-0.00000554,0,9.799998109,0.000032392,0,1,0,0.000000283,0,0
1686731172.38012,0,0.00000025,0,-0.00000569,0,9.79999921,0.000033266,0,1,0,0.00000029,0,0
1686731172.42117,0,0.000000082,0,-0.000005747,0,9.79999974,0.0000336,0,1,0,0.000000293,0,0
1686731172.45994,0,-0.000000398,0,-0.000005674,0,9.800001259,0.000033174,0,1,0,0.000000289,0,0
1686731172.50042,0,-0.000000668,0,-0.000005452,0,9.800002113,0.000031877,0,1,0,0.000000278,0,0
1686731172.53996,0,-0.000000957,0,-0.000005125,0,9.800003026,0.000029962,0,1,0,0.000000261,0,0
1686731172.57776,0,-0.000001111,0,-0.000004712,0,9.800003514,0.000027549,0,1,0,0.00000024,0,0
1686731172.6177,0,-0.000001186,0,-0.000004258,0,9.800003749,0.000024896,0,1,0,0.000000217,0,0
1686731172.65761,0,-0.000001289,0,-0.000003768,0,9.800004076,0.000022031,0,1,0,0.000000192,0,0
1686731172.69851,0,-0.000001339,0,-0.000003251,0,9.800004233,0.000019007,0,1,0,0.000000166,0,0
1686731172.74039,0,-0.000001321,0,-0.000002731,0,9.800004177,0.000015964,0,1,0,0.000000139,0,0
1686731172.78044,0,-0.000001312,0,-0.000002215,0,9.80000415,0.000012949,0,1,0,0.000000113,0,0
1686731172.8204,0,-0.000001308,0,-0.000001701,0,9.800004137,0.000009948,0,1,0,0.000000087,0,0
1686731172.86018,0,-0.000001173,0,-0.000001218,0,9.800003708,0.000007119,0,1,0,0.000000062,0,0
1686731172.9006,0,-0.000001095,0,-0.000000777,0,9.800003461,0.000004543,0,1,0,0.00000004,0,0
1686731172.94015,0,-0.000000938,0,-0.000000383,0,9.800002967,0.000002237,0,1,0,0.00000002,0,0
1686731172.98053,0,-0.000000851,0,-0.000000036,0,9.800002692,0.00000021,0,1,0,0.000000002,0,0
1686731173.02019,0,-0.000000809,0,0.000000288,0,9.80000256,-0.000001681,0,1,0,-0.000000015,0,0
1686731173.06042,0,-0.000000617,0,0.000000563,0,9.80000195,-0.000003292,0,1,0,-0.000000029,0,0
1686731173.10038,0,-0.000000507,0,0.000000778,0,9.800001604,-0.000004549,0,1,0,-0.00000004,0,0
1686731173.14012,0,-0.000000346,0,0.000000941,0,9.800001095,-0.000005501,0,1,0,-0.000000048,0,0
1686731173.18118,0,-0.000000258,0,0.000001055,0,9.800000817,-0.000006169,0,1,0,-0.000000054,0,0
1686731173.22035,0,-0.000000216,0,0.000001146,0,9.800000683,-0.000006701,0,1,0,-0.000000058,0,0
1686731173.25993,0,-0.000000078,0,0.000001201,0,9.800000245,-0.000007019,0,1,0,-0.000000061,0,0
1686731173.30046,0,0.000000001,0,0.000001212,0,9.799999998,-0.000007085,0,1,0,-0.000000062,0,0
1686731173.33787,0,0.000000095,0,0.00000119,0,9.7999997,-0.00000696,0,1,0,-0.000000061,0,0
1686731173.37855,0,0.000000146,0,0.000001141,0,9.79999954,-0.00000667,0,1,0,-0.000000058,0,0
1686731173.41853,0,0.00000017,0,0.000001078,0,9.799999462,-0.000006302,0,1,0,-0.000000055,0,0
1686731173.45833,0,0.000000226,0,0.000000998,0,9.799999285,-0.000005832,0,1,0,-0.000000051,0,0
1686731173.5003,0,0.000000253,0,0.000000902,0,9.799999199,-0.000005275,0,1,0,-0.000000046,0,0
1686731173.54038,0,0.000000272,0,0.000000799,0,9.799999138,-0.000004669,0,1,0,-0.000000041,0,0
1686731173.5804,0,0.000000282,0,0.000000689,0,9.799999107,-0.00000403,0,1,0,-0.000000035,0,0
1686731173.62025,0,0.000000287,0,0.000000577,0,9.799999092,-0.000003376,0,1,0,-0.000000029,0,0
1686731173.66001,0,0.000000274,0,0.000000468,0,9.799999134,-0.000002734,0,1,0,-0.000000024,0,0
1686731173.70077,0,0.000000266,0,0.000000362,0,9.799999159,-0.000002118,0,1,0,-0.000000018,0,0
1686731173.74026,0,0.000000241,0,0.000000263,0,9.799999237,-0.000001541,0,1,0,-0.000000013,0,0
1686731173.78036,0,0.000000227,0,0.000000172,0,9.799999281,-0.000001008,0,1,0,-0.000000009,0,0
1686731173.82007,0,0.000000221,0,0.000000085,0,9.799999302,-0.000000496,0,1,0,-0.000000004,0,0
1686731173.86112,0,0.000000181,0,0.000000007,0,9.799999427,-0.00000004,0,1,0,0,0,0
1686731173.90041,0,0.000000159,0,-0.000000059,0,9.799999498,0.000000343,0,1,0,0.000000003,0,0
1686731173.94058,0,0.000000123,0,-0.000000113,0,9.799999612,0.00000066,0,1,0,0.000000006,0,0
1686731173.98038,0,0.000000103,0,-0.000000156,0,9.799999674,0.000000913,0,1,0,0.000000008,0,0
1686731174.02033,0,0.000000093,0,-0.000000194,0,9.799999705,0.000001136,0,1,0,0.00000001,0,0
1686731174.06052,0,0.000000058,0,-0.000000223,0,9.799999816,0.000001305,0,1,0,0.000000011,0,0
1686731174.09907,0,0.000000038,0,-0.000000241,0,9.79999988,0.000001409,0,1,0,0.000000012,0,0
1686731174.13797,0,0.00000001,0,-0.000000249,0,9.799999968,0.000001457,0,1,0,0.000000013,0,0
1686731174.17791,0,-0.000000003,0,-0.00000025,0,9.80000001,0.000001461,0,1,0,0.000000013,0,0
1686731174.21823,0,-0.00000001,0,-0.000000247,0,9.800000031,0.000001444,0,1,0,0.000000013,0,0
1686731174.25988,0,-0.000000029,0,-0.000000238,0,9.800000092,0.000001394,0,1,0,0.000000012,0,0
1686731174.3029,0,-0.000000038,0,-0.000000225,0,9.800000121,0.000001315,0,1,0,0.000000011,0,0
1686731174.34037,0,-0.681012607,0,0.145571776,0,11.952469713,-0.851117871,0,0.999972417,0,-0.007427336,0,0
1686731174.38029,0,-1.075514511,0,0.508476395,0,13.187875385,-2.97414683,0,0.999663205,0,-0.025951413,0,0
1686731174.42078,0,-1.265544548,0,0.97501621,0,13.753379738,-5.709886671,0,0.998758834,0,-0.049807544,0,0
1686731174.4606,0,-1.283816074,0,1.473765692,0,13.748333591,-8.649195304,0,0.997152853,0,-0.075406821,0,0
1686731174.50039,0,-1.285473037,0,1.969532614,0,13.665071693,-11.593846556,0,0.994886134,0,-0.101002873,0,0
1686731174.54068,0,-1.138410612,0,2.429915643,0,13.093942744,-14.356270893,0,0.992162457,0,-0.124954625,0,0
1686731174.58124,0,-1.053155678,0,2.839683518,0,12.709933431,-16.843805082,0,0.989216417,0,-0.146461188,0,0
1686731174.62048,0,-1.012090607,0,3.222720545,0,12.455460045,-19.198931506,0,0.985997592,0,-0.166759553,0,0
1686731174.6602,0,-0.761894373,0,3.544287684,0,11.545952488,-21.202300794,0,0.982931656,0,-0.183971086,0,0
1686731174.7002,0,-0.618909859,0,3.788922531,0,10.995088591,-22.744643708,0,0.980366544,0,-0.197183773,0,0
1686731174.74001,0,-0.420007518,0,3.970763565,0,10.287702518,-23.902404573,0,0.97832432,0,-0.207078546,0,0
1686731174.77793,0,-0.311520646,0,4.09670847,0,9.887753698,-24.710368618,0,0.976839942,0,-0.213971327,0,0
1686731174.81751,0,-0.259265284,0,4.19581312,0,9.676231064,-25.349843683,0,0.975630676,0,-0.219419195,0,0
1686731174.85778,0,-0.109793389,0,4.254636107,0,9.175451347,-25.730999418,0,0.974895446,0,-0.222663129,0,0
1686731174.89829,0,-0.037796349,0,4.277581957,0,8.936681539,-25.880012605,0,0.974605074,0,-0.22393068,0,0
1686731174.94036,0,0.040539394,0,4.273730308,0,8.690829726,-25.854986421,0,0.974653956,0,-0.223717827,0,0
1686731174.98013,0,0.07827166,0,4.251137977,0,8.582422458,-25.708298557,0,0.974939537,0,-0.222469996,0,0
1686731175.02018,0,0.096446272,0,4.219473353,0,8.540124277,-25.503009519,0,0.975336524,0,-0.22072305,0,0
1686731175.06,0,0.123367559,0,4.179876767,0,8.473772278,-25.246788127,0,0.975827612,0,-0.218541693,0,0
1686731175.10042,0,0.138106332,0,4.132827756,0,8.449198461,-24.943043878,0,0.976403465,0,-0.215954333,0,0
1686731175.14116,0,0.146700606,0,4.081812963,0,8.445570214,-24.614540654,0,0.977018535,0,-0.213154363,0,0
1686731175.18062,0,0.150986016,0,4.028509627,0,8.456246702,-24.2722198,0,0.977650933,0,-0.210234756,0,0
1686731175.22047,0,0.153050181,0,3.97402193,0,8.474090175,-23.923243369,0,0.978286646,0,-0.207256454,0,0
1686731175.26016,0,0.151997098,0,3.91928538,0,8.501503187,-23.573619951,0,0.97891444,0,-0.204270702,0,0
1686731175.30039,0,0.151290215,0,3.864761147,0,8.52733323,-23.226275764,0,0.979529117,0,-0.201302532,0,0
1686731175.34042,0,0.151172703,0,3.810223967,0,8.550914072,-22.879750743,0,0.980133376,0,-0.198339519,0,0
1686731175.38059,0,0.151137844,0,3.755565173,0,8.573895912,-22.53333812,0,0.980728481,0,-0.195375654,0,0
1686731175.42053,0,0.151121053,0,3.700777671,0,8.596486232,-22.186979637,0,0.981314533,0,-0.192410467,0,0
1686731175.46036,0,0.157232561,0,3.64464473,0,8.599850512,-21.832998773,0,0.981904218,0,-0.189378208,0,0
1686731175.50008,0,0.160773045,0,3.586555634,0,8.611712628,-21.467602172,0,0.982503093,0,-0.186246266,0,0
1686731175.54044,0,0.170863445,0,3.525770804,0,8.603474786,-21.086227036,0,0.983117502,0,-0.182975346,0,0
1686731175.58136,0,0.176541364,0,3.461900462,0,8.609891955,-20.686544342,0,0.983749718,0,-0.179545235,0,0
1686731175.62015,0,0.179276263,0,3.396446887,0,8.625692482,-20.278043396,0,0.984383517,0,-0.176037188,0,0
1686731175.65998,0,0.198656384,0,3.326505561,0,8.589947222,-19.842719506,0,0.985045163,0,-0.172296335,0,0
1686731175.70057,0,0.209752613,0,3.250599729,0,8.581897419,-19.371617569,0,0.985745171,0,-0.168245232,0,0
1686731175.73978,0,0.231154242,0,3.168437304,0,8.542698787,-18.863213945,0,0.986481913,0,-0.163870176,0,0
1686731175.78132,0,0.243028574,0,3.079809207,0,8.534958056,-18.316523404,0,0.987252472,0,-0.159162045,0,0
1686731175.81998,0,0.248748117,0,2.987896739,0,8.546795682,-17.751391096,0,0.988025404,0,-0.154291287,0,0
1686731175.86037,0,0.278257699,0,2.888777226,0,8.48463094,-17.143937134,0,0.988829422,0,-0.149051586,0,0
1686731175.90032,0,0.295080582,0,2.780437699,0,8.464168954,-16.482240435,0,0.989673614,0,-0.143339243,0,0
1686731175.94049,0,0.322834833,0,2.663384939,0,8.410245504,-15.769855907,0,0.990545585,0,-0.137183981,0,0
1686731175.98061,0,0.338119537,0,2.537779432,0,8.396482657,-15.008188255,0,0.991435532,0,-0.130597037,0,0
1686731176.02048,0,0.345481763,0,2.407789858,0,8.407098521,-14.222782263,0,0.992307345,0,-0.123798763,0,0
1686731176.06047,0,0.373866019,0,2.270280674,0,8.351137616,-13.394898778,0,0.993175842,0,-0.116626524,0,0
1686731176.1002,0,0.389959972,0,2.123633479,0,8.333978976,-12.515122874,0,0.994041962,0,-0.108998061,0,0
1686731176.13787,0,0.409452065,0,1.969839593,0,8.305184923,-11.595678698,0,0.994884519,0,-0.10101878,0,0
1686731176.17782,0,0.419985682,0,1.809829414,0,8.303322484,-10.64227053,0,0.995690557,0,-0.092737884,0,0
1686731176.2176,0,0.425059438,0,1.646559791,0,8.316529355,-9.67250283,0,0.996439716,0,-0.084308314,0,0
1686731176.2577,0,0.429460577,0,1.481014521,0,8.329371689,-8.692065596,0,0.997124572,0,-0.075779865,0,0
1686731176.29868,0,0.431580485,0,1.313877034,0,8.346748153,-7.704793049,0,0.997740444,0,-0.067186354,0,0
1686731176.34023,0,0.421367359,0,1.148510034,0,8.399986969,-6.730239855,0,0.998275747,0,-0.058698662,0,0
1686731176.42035,0,0.41407844,0,0.823536408,0,8.455905029,-4.820497225,0,0.999115324,0,-0.042054368,0,0
1686731176.46054,0,0.381628382,0,0.668641386,0,8.570348215,-3.912256666,0,0.999417257,0,-0.034134248,0,0
1686731176.50143,0,0.36294507,0,0.523867733,0,8.638254989,-3.064257504,0,0.999642489,0,-0.026737505,0,0
1686731176.5403,0,0.324229475,0,0.390286259,0,8.76692169,-2.282415388,0,0.999801647,0,-0.019916515,0,0
1686731176.58085,0,0.302683497,0,0.268510429,0,8.839151588,-1.570044881,0,0.99990614,0,-0.013700798,0,0
1686731176.62033,0,0.292305385,0,0.152415941,0,8.874463905,-0.891136966,0,0.999969762,0,-0.007776559,0,0
1686731176.66029,0,0.239910052,0,0.04918892,0,9.041214355,-0.287584625,0,0.999996851,0,-0.002509647,0,0
1686731176.70024,0,0.210050862,0,-0.037576438,0,9.135688811,0.219691487,0,0.999998162,0,0.001917169,0,0
1686731176.74033,0,0.163381515,0,-0.109505939,0,9.282730451,0.640240682,0,0.999984392,0,0.005587125,0,0
1686731176.78019,0,0.137753755,0,-0.1672981,0,9.362956282,0.978157213,0,0.999963568,0,0.008535928,0,0
1686731176.82111,0,0.125409558,0,-0.218278373,0,9.400988964,1.276271823,0,0.999937978,0,0.011137342,0,0
1686731176.86025,0,0.080363891,0,-0.257619292,0,9.542480371,1.506346808,0,0.999913601,0,0.013144977,0,0
1686731176.90022,0,0.054853877,0,-0.282893475,0,9.622452863,1.654168782,0,0.999895812,0,0.014434844,0,0
1686731176.9404,0,0.02140761,0,-0.296871433,0,9.727805596,1.735926811,0,0.999885259,0,0.01514824,0,0
1686731176.98044,0,0.0032342,0,-0.300831054,0,9.785154162,1.759087539,0,0.999882177,0,0.015350332,0,0
1686731177.02039,0,-0.005519438,0,-0.299965303,0,9.812862145,1.754023538,0,0.999882854,0,0.015306145,0,0
1686731177.06045,0,-0.029044176,0,-0.292649537,0,9.887475195,1.711232289,0,0.9998885,0,0.014932764,0,0
1686731177.10023,0,-0.042258212,0,-0.278049093,0,9.929686951,1.625834458,0,0.999899351,0,0.014187606,0,0
1686731177.14045,0,-0.055653247,0,-0.258436734,0,9.972582797,1.511127645,0,0.999913052,0,0.013186694,0,0
1686731177.18051,0,-0.062790803,0,-0.234888134,0,9.99574663,1.373406902,0,0.999928178,0,0.011984949,0,0
1686731177.22014,0,-0.06622877,0,-0.20944258,0,10.007195433,1.224600976,0,0.999942898,0,0.010686456,0,0
1686731177.26036,0,-0.069497342,0,-0.182737833,0,10.018066015,1.068440145,0,0.999956533,0,0.009323764,0,0
1686731177.29988,0,-0.071228973,0,-0.155076856,0,10.024018733,0.906695942,0,0.999968697,0,0.007912332,0,0
1686731177.34045,0,-0.069233715,0,-0.127559476,0,10.018106021,0.745798573,0,0.999978821,0,0.006508274,0,0
1686731177.38023,0,-0.067996757,0,-0.100723235,0,10.014507003,0.58888958,0,0.999986795,0,0.005139008,0,0
1686731177.42028,0,-0.067400949,0,-0.074214817,0,10.012859498,0.433901679,0,0.999992831,0,0.003786497,0,0
1686731177.46047,0,-0.059376006,0,-0.049518279,0,9.987638312,0.289510252,0,0.999996809,0,0.002526451,0,0
1686731177.50037,0,-0.054756061,0,-0.027369312,0,9.973115651,0.160015112,0,0.999999025,0,0.001396395,0,0
1686731177.53926,0,-0.046068899,0,-0.007828833,0,9.945679522,0.045771339,0,0.99999992,0,0.00039943,0,0
1686731177.5781,0,-0.041254416,0,0.009056497,0,9.930453733,-0.05294889,0,0.999999893,0,-0.000462066,0,0
1686731177.61904,0,-0.038935411,0,0.024662875,0,9.923093546,-0.144191851,0,0.999999208,0,-0.001258311,0,0
1686731177.65993,0,-0.02791962,0,0.037240059,0,9.888218834,-0.217724832,0,0.999998195,0,-0.001900006,0,0
1686731177.70027,0,-0.022613614,0,0.046890961,0,9.871398343,-0.274149429,0,0.999997138,0,-0.002392403,0,0
1686731177.74023,0,-0.014668418,0,0.053980239,0,9.846236944,-0.315597501,0,0.999996207,0,-0.002754104,0,0
1686731177.77996,0,-0.010315896,0,0.058669122,0,9.832446111,-0.343011547,0,0.99999552,0,-0.002993336,0,0
1686731177.82018,0,-0.008219405,0,0.062201803,0,9.825794637,-0.363665787,0,0.999994964,0,-0.003173577,0,0
1686731177.86061,0,-0.001525539,0,0.063962498,0,9.804615442,-0.37395992,0,0.999994675,0,-0.00326341,0,0
1686731177.90137,0,0.00225298,0,0.063639388,0,9.79266882,-0.372070813,0,0.999994729,0,-0.003246925,0,0
1686731177.94153,0,0.0067001,0,0.061750969,0,9.778617871,-0.361029928,0,0.999995037,0,-0.003150575,0,0
1686731177.98009,0,0.009098333,0,0.058539948,0,9.771053699,-0.342256316,0,0.99999554,0,-0.002986745,0,0
1686731178.02089,0,0.010253497,0,0.054691859,0,9.767422982,-0.31975806,0,0.999996107,0,-0.002790412,0,0
1686731178.05886,0,0.012534644,0,0.050168208,0,9.760233562,-0.293310115,0,0.999996724,0,-0.002559611,0,0
1686731178.09872,0,0.013801595,0,0.044945831,0,9.756252457,-0.262777089,0,0.999997371,0,-0.002293161,0,0
1686731178.14066,0,0.014561937,0,0.039350302,0,9.753872108,-0.230062476,0,0.999997985,0,-0.002007672,0,0
1686731178.18022,0,0.014928174,0,0.033552781,0,9.752735532,-0.196166992,0,0.999998535,0,-0.001711879,0,0
1686731178.22041,0,0.01510458,0,0.027657962,0,9.752196096,-0.161702714,0,0.999999004,0,-0.001411122,0,0
1686731178.26039,0,0.014188529,0,0.021930263,0,9.755107393,-0.128215569,0,0.999999374,0,-0.001118892,0,0
1686731178.30076,0,0.013649681,0,0.016499731,0,9.756822029,-0.096465856,0,0.999999646,0,-0.000841823,0,0
1686731178.34127,0,0.012226552,0,0.011461077,0,9.761329547,-0.067007296,0,0.999999829,0,-0.000584749,0,0
1686731178.38053,0,0.011427605,0,0.006863038,0,9.763860335,-0.040124813,0,0.999999939,0,-0.000350155,0,0
1686731178.42049,0,0.011042775,0,0.002477232,0,9.765079367,-0.014483157,0,0.999999992,0,-0.000126389,0,0
1686731178.46045,0,0.008933599,0,-0.001395087,0,9.771749379,0.008156388,0,0.999999997,0,0.000071178,0,0
1686731178.50011,0,0.007730071,0,-0.004603661,0,9.775554287,0.026915344,0,0.999999972,0,0.000234881,0,0
1686731178.54037,0,0.005842047,0,-0.007212843,0,9.781523171,0.042169952,0,0.999999932,0,0.000368002,0,0
1686731178.58027,0,0.00480506,0,-0.009250128,0,9.784800702,0.054080957,0,0.999999889,0,0.000471945,0,0
1686731178.6202,0,0.004305571,0,-0.011011945,0,9.786378402,0.064381439,0,0.999999842,0,0.000561834,0,0
1686731178.6602,0,0.002508865,0,-0.01230842,0,9.792058544,0.071961295,0,0.999999803,0,0.000627981,0,0
1686731178.70027,0,0.001491699,0,-0.013043929,0,9.795274152,0.07626146,0,0.999999779,0,0.000665507,0,0
1686731178.74031,0,0.000182756,0,-0.013334156,0,9.799413003,0.077958274,0,0.999999769,0,0.000680314,0,0
1686731178.77992,0,-0.000527589,0,-0.013232628,0,9.80165945,0.077364691,0,0.999999772,0,0.000675134,0,0
1686731178.82134,0,-0.000869743,0,-0.012942403,0,9.802741823,0.075667886,0,0.999999782,0,0.000660327,0,0
1686731178.86129,0,-0.001741341,0,-0.012410194,0,9.805498746,0.07255632,0,0.9999998,0,0.000633173,0,0
1686731178.90001,0,-0.002230087,0,-0.011608442,0,9.80704528,0.067868868,0,0.999999825,0,0.000592268,0,0
1686731178.9388,0,-0.002691176,0,-0.010628616,0,9.808504483,0.062140302,0,0.999999853,0,0.000542276,0,0
1686731178.98032,0,-0.002935277,0,-0.009514169,0,9.809277541,0.055624673,0,0.999999882,0,0.000485417,0,0
1686731179.02037,0,-0.003052853,0,-0.008334878,0,9.809650424,0.048729937,0,0.99999991,0,0.000425249,0,0
1686731179.06121,0,-0.003093128,0,-0.007127851,0,9.809778738,0.041673041,0,0.999999934,0,0.000363666,0,0
