stamp,d_fin,p_fin,s_fin,thruster
1684869329.78151,0,0,0,0
1684869329.82164,0,0,0,0
1684869329.86323,0,0,0,0
1684869329.90273,0,0,0,0
1684869329.94205,0,0,0,0
1684869329.98211,0,0,0,0
1684869330.0217,0,0,0,0
1684869330.06292,0,0,0,0
1684869330.10223,0,0,0,0
1684869330.14192,0,0,0,0
1684869330.18165,0,0,0,0
1684869330.22163,0,0,0,0
1684869330.26116,0,0,0,0
1684869330.30251,0,0,0,0
1684869330.343,0,0,0,0
1684869330.3827,0,0,0,0
1684869330.42155,0,0,0,0
1684869330.46163,0,0,0,0
1684869330.5021,0,0,0,0
1684869330.54276,0,0,0,0
1684869330.58204,0,0,0,0
1684869330.62196,0,0,0,0
1684869330.66167,0,0,0,0
1684869330.70242,0,0.442964554,-0.444535375,0.5
1684869330.74789,0,0.442964554,-0.444535375,0.5
1684869330.78316,0,0.442964554,-0.444535375,0.5
1684869330.82274,0,0.444535375,-0.446106166,0.5
1684869330.86205,0,0.444535375,-0.446106166,0.5
1684869330.90183,0,0.444535375,-0.446106166,0.5
1684869330.9425,0,0.425685793,-0.427256614,0.5
1684869330.98307,0,0.430398196,-0.431968987,0.5
1684869331.02265,0,0.430398196,-0.431968987,0.5
1684869331.06137,0,0.430398196,-0.431968987,0.5
1684869331.10168,0,0.402123868,-0.403694659,0.5
1684869331.14166,0,0.402123868,-0.403694659,0.5
1684869331.18207,0,0.380132705,-0.381703496,0.5
1684869331.22296,0,0.380132705,-0.381703496,0.5
1684869331.26265,0,0.380132705,-0.381703496,0.5
1684869331.30266,0,0.364424735,-0.365995556,0.5
1684869331.34211,0,0.364424735,-0.365995556,0.5
1684869331.38156,0,0.320442438,-0.322013259,0.5
1684869331.4217,0,0.320442438,-0.322013259,0.5
1684869331.46225,0,0.320442438,-0.322013259,0.5
1684869331.5015,0,0.312588483,-0.314159274,0.5
1684869331.54197,0,0.312588483,-0.314159274,0.5
1684869331.58203,0,0.295309722,-0.296880513,0.5
1684869331.6225,0,0.295309722,-0.296880513,0.5
1684869331.66304,0,0.295309722,-0.296880513,0.5
1684869331.70286,0,0.245044231,-0.246615022,0.5
1684869331.74266,0,0.245044231,-0.246615022,0.5
1684869331.78224,0,0.213628307,-0.215199098,0.5
1684869331.82141,0,0.213628307,-0.215199098,0.5
1684869331.86153,0,0.213628307,-0.215199098,0.5
1684869331.90141,0,0.17749998,-0.179070786,0.5
1684869331.94422,0,0.17749998,-0.179070786,0.5
1684869331.98114,0,0.163362816,-0.164933607,0.5
1684869332.02116,0,0.163362816,-0.164933607,0.5
1684869332.06202,0,0.163362816,-0.164933607,0.5
1684869332.10187,0,0.146084055,-0.147654861,0.5
1684869332.14319,0,0.146084055,-0.147654861,0.5
1684869332.18358,0,0.139800876,-0.141371667,0.5
1684869332.22261,0,0.139800876,-0.141371667,0.5
1684869332.26206,0,0.139800876,-0.141371667,0.5
1684869332.30165,0,0.139800876,-0.141371667,0.5
1684869332.34567,0,0.139800876,-0.141371667,0.5
1684869332.38209,0,0.163362816,-0.164933607,0.5
1684869332.42311,0,0.163362816,-0.164933607,0.5
1684869332.46221,0,0.163362816,-0.164933607,0.5
1684869332.50216,0,0.125663713,-0.127234504,0.5
1684869332.54493,0,0.125663713,-0.127234504,0.5
1684869332.58281,0,0.125663713,-0.127234504,0.5
1684869332.62283,0,0.15393804,-0.155508831,0.5
1684869332.66269,0,0.15393804,-0.155508831,0.5
1684869332.70228,0,0.19477874,-0.196349546,0.5
1684869332.74268,0,0.19477874,-0.196349546,0.5
1684869332.78164,0,0.215199098,-0.216769889,0.5
1684869332.82135,0,0.215199098,-0.216769889,0.5
1684869332.86175,0,0.215199098,-0.216769889,0.5
1684869332.90266,0,0.190066352,-0.191637158,0.5
1684869332.9455,0,0.190066352,-0.191637158,0.5
1684869332.98188,0,0.190066352,-0.191637158,0.5
1684869333.02152,0,0.174358398,-0.175929189,0.5
1684869333.06292,0,0.174358398,-0.175929189,0.5
1684869333.10282,0,0.174358398,-0.175929189,0.5
1684869333.14277,0,0.131946892,-0.133517683,0.5
1684869333.18223,0,0.113097332,-0.114668131,0.5
1684869333.22173,0,0.113097332,-0.114668131,0.5
1684869333.26201,0,0.113097332,-0.114668131,0.5
1684869333.30276,0,0.084823005,-0.086393796,0.5
1684869333.34424,0,0.084823005,-0.086393796,0.5
1684869333.3824,0,0.084823005,-0.086393796,0.5
1684869333.4223,0,0.034557518,-0.036128316,0.5
1684869333.46175,0,0.034557518,-0.036128316,0.5
1684869333.50172,0,0.034557518,-0.036128316,0.5
1684869333.54354,0,-0.009424778,0.007853982,0.5
1684869333.58267,0,-0.032986723,0.031415928,0.5
1684869333.62227,0,-0.032986723,0.031415928,0.5
1684869333.66194,0,-0.032986723,0.031415928,0.5
1684869333.70144,0,-0.084823005,0.083252206,0.5
1684869333.74268,0,-0.084823005,0.083252206,0.5
1684869333.78231,0,-0.084823005,0.083252206,0.5
1684869333.82311,0,-0.084823005,0.083252206,0.5
1684869333.8624,0,-0.084823005,0.083252206,0.5
1684869333.90238,0,-0.084823005,0.083252206,0.5
1684869333.94268,0,-0.131946892,0.130376101,0.5
1684869333.98169,0,-0.131946892,0.130376101,0.5
1684869334.02179,0,-0.146084055,0.144513264,0.5
1684869334.06147,0,-0.146084055,0.144513264,0.5
1684869334.10259,0,-0.155508831,0.15393804,0.5
1684869334.14515,0,-0.155508831,0.15393804,0.5
1684869334.18211,0,-0.155508831,0.15393804,0.5
1684869334.22206,0,-0.166504413,0.164933607,0.5
1684869334.26215,0,-0.166504413,0.164933607,0.5
1684869334.30204,0,-0.166504413,0.164933607,0.5
1684869334.34249,0,-0.186924756,0.185353965,0.5
1684869334.38214,0,-0.215199098,0.213628307,0.5
1684869334.42167,0,-0.215199098,0.213628307,0.5
1684869334.46141,0,-0.215199098,0.213628307,0.5
1684869334.50136,0,-0.205774322,0.204203516,0.5
1684869334.54174,0,-0.205774322,0.204203516,0.5
1684869334.58328,0,-0.227765471,0.226194665,0.5
1684869334.62177,0,-0.227765471,0.226194665,0.5
1684869334.66176,0,-0.227765471,0.226194665,0.5
1684869334.70174,0,-0.238761038,0.237190247,0.5
1684869334.74384,0,-0.238761038,0.237190247,0.5
1684869334.78201,0,-0.249756619,0.248185813,0.5
1684869334.82171,0,-0.249756619,0.248185813,0.5
1684869334.86134,0,-0.249756619,0.248185813,0.5
1684869334.90178,0,-0.252898216,0.251327425,0.5
1684869334.94311,0,-0.252898216,0.251327425,0.5
1684869334.98294,0,-0.241902635,0.240331843,0.5
1684869335.0225,0,-0.241902635,0.240331843,0.5
1684869335.06167,0,-0.241902635,0.240331843,0.5
1684869335.10192,0,-0.238761038,0.237190247,0.5
1684869335.1427,0,-0.238761038,0.237190247,0.5
1684869335.18277,0,-0.245044231,0.243473426,0.5
1684869335.22154,0,-0.245044231,0.243473426,0.5
1684869335.26132,0,-0.245044231,0.243473426,0.5
1684869335.30258,0,-0.235619456,0.23404865,0.5
1684869335.34335,0,-0.235619456,0.23404865,0.5
1684869335.38204,0,-0.226194665,0.224623874,0.5
1684869335.42203,0,-0.226194665,0.224623874,0.5
1684869335.46302,0,-0.226194665,0.224623874,0.5
1684869335.50264,0,-0.241902635,0.240331843,0.5
1684869335.54224,0,-0.241902635,0.240331843,0.5
1684869335.58201,0,-0.215199098,0.213628307,0.5
1684869335.62267,0,-0.215199098,0.213628307,0.5
1684869335.66286,0,-0.215199098,0.213628307,0.5
1684869335.70166,0,-0.202632725,0.201061934,0.5
1684869335.742,0,-0.202632725,0.201061934,0.5
1684869335.78153,0,-0.201061934,0.199491128,0.5
1684869335.82173,0,-0.201061934,0.199491128,0.5
1684869335.86327,0,-0.201061934,0.199491128,0.5
1684869335.90297,0,-0.174358398,0.172787592,0.5
1684869335.94268,0,-0.174358398,0.172787592,0.5
1684869335.9818,0,-0.152367249,0.150796443,0.5
1684869336.0232,0,-0.152367249,0.150796443,0.5
1684869336.06252,0,-0.152367249,0.150796443,0.5
1684869336.10265,0,-0.135088488,0.133517683,0.5
1684869336.14592,0,-0.135088488,0.133517683,0.5
1684869336.18155,0,-0.109955743,0.108384944,0.5
1684869336.22153,0,-0.109955743,0.108384944,0.5
1684869336.26128,0,-0.109955743,0.108384944,0.5
1684869336.3021,0,-0.078539819,0.07696902,0.5
1684869336.34346,0,-0.078539819,0.07696902,0.5
1684869336.3826,0,-0.062831856,0.061261058,0.5
1684869336.42202,0,-0.062831856,0.061261058,0.5
1684869336.46153,0,-0.062831856,0.061261058,0.5
1684869336.5061,0,-0.015707964,0.014137167,0.5
1684869336.54282,0,-0.015707964,0.014137167,0.5
1684869336.58229,0,0.007853982,-0.009424778,0.5
1684869336.62172,0,0.007853982,-0.009424778,0.5
1684869336.66142,0,0.007853982,-0.009424778,0.5
1684869336.70215,0,0.039269909,-0.040840704,0.5
1684869336.74259,0,0.039269909,-0.040840704,0.5
1684869336.78313,0,0.053407077,-0.054977871,0.5
1684869336.82242,0,0.053407077,-0.054977871,0.5
1684869336.86181,0,0.053407077,-0.054977871,0.5
1684869336.90162,0,0.065973446,-0.067544244,0.5
1684869336.94317,0,0.065973446,-0.067544244,0.5
1684869336.98253,0,0.064402647,-0.065973446,0.5
1684869337.0221,0,0.064402647,-0.065973446,0.5
1684869337.06142,0,0.064402647,-0.065973446,0.5
1684869337.10121,0,0.053407077,-0.054977871,0.5
1684869337.14263,0,0.053407077,-0.054977871,0.5
1684869337.18278,0,0.075398222,-0.07696902,0.5
1684869337.2227,0,0.075398222,-0.07696902,0.5
1684869337.26261,0,0.075398222,-0.07696902,0.5
1684869337.3023,0,0.07696902,-0.078539819,0.5
1684869337.34226,0,0.07696902,-0.078539819,0.5
1684869337.38155,0,0.058119465,-0.059690259,0.5
1684869337.42155,0,0.058119465,-0.059690259,0.5
1684869337.46186,0,0.058119465,-0.059690259,0.5
1684869337.5026,0,0.02984513,-0.031415928,0.5
1684869337.54286,0,0.02984513,-0.031415928,0.5
1684869337.58237,0,0.02984513,-0.031415928,0.5
1684869337.6226,0,0.051836278,-0.053407077,0.5
1684869337.66228,0,0.051836278,-0.053407077,0.5
1684869337.70273,0,0.056548666,-0.058119465,0.5
1684869337.74266,0,0.056548666,-0.058119465,0.5
1684869337.78192,0,0.010995574,-0.012566371,0.5
1684869337.82193,0,0.010995574,-0.012566371,0.5
1684869337.86151,0,0.010995574,-0.012566371,0.5
1684869337.90168,0,-0.015707964,0.014137167,0.5
1684869337.94184,0,-0.015707964,0.014137167,0.5
1684869337.98137,0,-0.015707964,0.014137167,0.5
1684869338.0221,0,-0.012566371,0.010995574,0.5
1684869338.06193,0,-0.012566371,0.010995574,0.5
1684869338.10193,0,-0.025132742,0.023561945,0.5
1684869338.14194,0,-0.025132742,0.023561945,0.5
1684869338.18262,0,-0.017278759,0.015707964,0.5
1684869338.22208,0,-0.017278759,0.015707964,0.5
1684869338.26166,0,-0.017278759,0.015707964,0.5
1684869338.3017,0,-0.042411502,0.040840704,0.5
1684869338.34204,0,-0.042411502,0.040840704,0.5
1684869338.38193,0,-0.042411502,0.040840704,0.5
1684869338.4231,0,-0.042411502,0.040840704,0.5
1684869338.46269,0,-0.042411502,0.040840704,0.5
1684869338.50208,0,-0.064402647,0.062831856,0.5
1684869338.54258,0,-0.064402647,0.062831856,0.5
1684869338.58239,0,-0.084823005,0.083252206,0.5
1684869338.62324,0,-0.084823005,0.083252206,0.5
1684869338.66195,0,-0.084823005,0.083252206,0.5
1684869338.70173,0,-0.086393796,0.084823005,0.5
1684869338.74287,0,-0.086393796,0.084823005,0.5
1684869338.78137,0,-0.086393796,0.084823005,0.5
1684869338.82134,0,-0.095818579,0.094247781,0.5
1684869338.86126,0,-0.095818579,0.094247781,0.5
1684869338.90297,0,-0.103672557,0.102101758,0.5
1684869338.94417,0,-0.103672557,0.102101758,0.5
1684869338.98181,0,-0.089535393,0.087964594,0.5
1684869339.02209,0,-0.089535393,0.087964594,0.5
1684869339.06209,0,-0.089535393,0.087964594,0.5
1684869339.10297,0,-0.087964594,0.086393796,0.5
1684869339.14195,0,-0.087964594,0.086393796,0.5
1684869339.18175,0,-0.087964594,0.086393796,0.5
1684869339.22168,0,-0.111526541,0.109955743,0.5
1684869339.26228,0,-0.111526541,0.109955743,0.5
1684869339.30298,0,-0.08011061,0.078539819,0.5
1684869339.34291,0,-0.08011061,0.078539819,0.5
1684869339.3816,0,-0.086393796,0.084823005,0.5
1684869339.42229,0,-0.086393796,0.084823005,0.5
1684869339.46301,0,-0.086393796,0.084823005,0.5
1684869339.50279,0,-0.07696902,0.075398222,0.5
1684869339.54269,0,-0.07696902,0.075398222,0.5
1684869339.58191,0,-0.07696902,0.075398222,0.5
1684869339.62137,0,-0.094247781,0.092676982,0.5
1684869339.66113,0,-0.094247781,0.092676982,0.5
1684869339.70121,0,-0.094247781,0.092676982,0.5
1684869339.74384,0,-0.087964594,0.086393796,0.5
1684869339.78259,0,-0.081681408,0.08011061,0.5
1684869339.82194,0,-0.081681408,0.08011061,0.5
1684869339.86147,0,-0.081681408,0.08011061,0.5
1684869339.9025,0,-0.072256632,0.070685834,0.5
1684869339.94338,0,-0.072256632,0.070685834,0.5
1684869339.98263,0,-0.072256632,0.070685834,0.5
1684869340.02234,0,-0.069115035,0.067544244,0.5
1684869340.06152,0,-0.069115035,0.067544244,0.5
1684869340.10223,0,-0.069115035,0.067544244,0.5
1684869340.14611,0,-0.059690259,0.058119465,0.5
1684869340.1835,0,-0.053407077,0.051836278,0.5
1684869340.22261,0,-0.053407077,0.051836278,0.5
1684869340.26207,0,-0.053407077,0.051836278,0.5
1684869340.30165,0,-0.054977871,0.053407077,0.5
1684869340.34215,0,-0.054977871,0.053407077,0.5
1684869340.38317,0,-0.054977871,0.053407077,0.5
1684869340.42241,0,-0.045553092,0.043982297,0.5
1684869340.46191,0,-0.045553092,0.043982297,0.5
1684869340.50178,0,-0.045553092,0.043982297,0.5
1684869340.54158,0,-0.043982297,0.042411502,0.5
1684869340.58204,0,-0.026703538,0.025132742,0.5
1684869340.62255,0,-0.026703538,0.025132742,0.5
1684869340.66259,0,-0.026703538,0.025132742,0.5
1684869340.70215,0,0,0,0
1684869340.74204,0,-0.298451304,0.296880513,0.5
1684869340.78168,0,-0.298451304,0.296880513,0.5
1684869340.82153,0,-0.40526545,0.403694659,0.5
1684869340.86174,0,-0.40526545,0.403694659,0.5
1684869340.90255,0,-0.40526545,0.403694659,0.5
1684869340.94187,0,-0.301592886,0.300022095,0.5
1684869340.9819,0,-0.301592886,0.300022095,0.5
1684869341.02278,0,-0.301592886,0.300022095,0.5
1684869341.06238,0,-0.29059732,0.289026529,0.5
1684869341.10308,0,-0.29059732,0.289026529,0.5
1684869341.14259,0,-0.252898216,0.251327425,0.5
1684869341.1818,0,-0.252898216,0.251327425,0.5
1684869341.22184,0,-0.201061934,0.199491128,0.5
1684869341.2617,0,-0.201061934,0.199491128,0.5
1684869341.3019,0,-0.201061934,0.199491128,0.5
1684869341.34166,0,-0.109955743,0.108384944,0.5
1684869341.38334,0,-0.109955743,0.108384944,0.5
1684869341.42245,0,-0.109955743,0.108384944,0.5
1684869341.46213,0,-0.036128316,0.034557518,0.5
1684869341.50249,0,-0.036128316,0.034557518,0.5
1684869341.54225,0,0.067544244,-0.069115035,0.5
1684869341.58193,0,0.067544244,-0.069115035,0.5
1684869341.62195,0,0.128805295,-0.130376101,0.5
1684869341.66263,0,0.128805295,-0.130376101,0.5
1684869341.70159,0,0.128805295,-0.130376101,0.5
1684869341.74182,0,0.182212368,-0.183783174,0.5
1684869341.78171,0,0.182212368,-0.183783174,0.5
1684869341.82271,0,0.182212368,-0.183783174,0.5
1684869341.86259,0,0.204203516,-0.205774322,0.5
1684869341.9021,0,0.204203516,-0.205774322,0.5
1684869341.9421,0,0.208915904,-0.21048671,0.5
1684869341.98221,0,0.208915904,-0.21048671,0.5
1684869342.02274,0,0.201061934,-0.202632725,0.5
1684869342.06267,0,0.201061934,-0.202632725,0.5
1684869342.10183,0,0.201061934,-0.202632725,0.5
1684869342.14182,0,0.174358398,-0.175929189,0.5
1684869342.18158,0,0.174358398,-0.175929189,0.5
1684869342.22128,0,0.174358398,-0.175929189,0.5
1684869342.26156,0,0.149225652,-0.150796443,0.5
1684869342.30286,0,0.149225652,-0.150796443,0.5
1684869342.34251,0,0.125663713,-0.127234504,0.5
1684869342.38191,0,0.125663713,-0.127234504,0.5
1684869342.42171,0,0.08011061,-0.081681408,0.5
1684869342.46191,0,0.08011061,-0.081681408,0.5
1684869342.50296,0,0.08011061,-0.081681408,0.5
1684869342.54231,0,0.051836278,-0.053407077,0.5
1684869342.58176,0,0.051836278,-0.053407077,0.5
1684869342.62184,0,0.051836278,-0.053407077,0.5
1684869342.66183,0,0.02984513,-0.031415928,0.5
1684869342.70311,0,0.02984513,-0.031415928,0.5
1684869342.74333,0,0,-0.001570796,0.5
1684869342.78293,0,0,-0.001570796,0.5
1684869342.82201,0,-0.021991149,0.020420352,0.5
1684869342.86205,0,-0.021991149,0.020420352,0.5
1684869342.90294,0,-0.021991149,0.020420352,0.5
1684869342.94298,0,-0.056548666,0.054977871,0.5
1684869342.98271,0,-0.056548666,0.054977871,0.5
1684869343.02176,0,-0.056548666,0.054977871,0.5
1684869343.0617,0,-0.073827431,0.072256632,0.5
1684869343.10152,0,-0.073827431,0.072256632,0.5
1684869343.14211,0,-0.073827431,0.072256632,0.5
1684869343.18321,0,-0.091106184,0.089535393,0.5
1684869343.22285,0,-0.095818579,0.094247781,0.5
1684869343.26234,0,-0.095818579,0.094247781,0.5
1684869343.3017,0,-0.095818579,0.094247781,0.5
1684869343.3423,0,-0.087964594,0.086393796,0.5
1684869343.38253,0,-0.087964594,0.086393796,0.5
1684869343.42237,0,-0.087964594,0.086393796,0.5
1684869343.462,0,-0.094247781,0.092676982,0.5
1684869343.5017,0,-0.094247781,0.092676982,0.5
1684869343.54224,0,-0.094247781,0.092676982,0.5
1684869343.58259,0,-0.111526541,0.109955743,0.5
1684869343.62387,0,-0.100530967,0.098960169,0.5
1684869343.66257,0,-0.100530967,0.098960169,0.5
1684869343.70219,0,-0.100530967,0.098960169,0.5
1684869343.74183,0,-0.103672557,0.102101758,0.5
1684869343.78139,0,-0.103672557,0.102101758,0.5
1684869343.82186,0,-0.103672557,0.102101758,0.5
1684869343.86224,0,-0.102101758,0.100530967,0.5
1684869343.90197,0,-0.102101758,0.100530967,0.5
1684869343.94129,0,-0.102101758,0.100530967,0.5
1684869343.98132,0,-0.07696902,0.075398222,0.5
1684869344.02211,0,-0.061261058,0.059690259,0.5
1684869344.06265,0,-0.061261058,0.059690259,0.5
1684869344.10273,0,-0.061261058,0.059690259,0.5
1684869344.14247,0,-0.056548666,0.054977871,0.5
1684869344.18204,0,-0.056548666,0.054977871,0.5
1684869344.22181,0,-0.056548666,0.054977871,0.5
1684869344.26163,0,-0.040840704,0.039269909,0.5
1684869344.30194,0,-0.040840704,0.039269909,0.5
1684869344.34177,0,-0.040840704,0.039269909,0.5
1684869344.38301,0,-0.04712389,0.045553092,0.5
1684869344.42192,0,-0.018849555,0.017278759,0.5
1684869344.46214,0,-0.018849555,0.017278759,0.5
1684869344.5019,0,-0.018849555,0.017278759,0.5
1684869344.54244,0,-0.001570796,0,0.5
1684869344.58198,0,-0.001570796,0,0.5
1684869344.62197,0,-0.001570796,0,0.5
1684869344.66216,0,0.004712389,-0.006283185,0.5
1684869344.70167,0,0.004712389,-0.006283185,0.5
1684869344.74141,0,0.004712389,-0.006283185,0.5
1684869344.78109,0,0.007853982,-0.009424778,0.5
1684869344.82314,0,0.009424778,-0.010995574,0.5
1684869344.86243,0,0.009424778,-0.010995574,0.5
1684869344.90237,0,0.009424778,-0.010995574,0.5
1684869344.94254,0,0.036128316,-0.037699111,0.5
1684869344.98216,0,0.036128316,-0.037699111,0.5
1684869345.02275,0,0.04712389,-0.048694685,0.5
1684869345.06174,0,0.04712389,-0.048694685,0.5
1684869345.1016,0,0.04712389,-0.048694685,0.5
1684869345.14189,0,0.04712389,-0.048694685,0.5
1684869345.18281,0,0.043982297,-0.045553092,0.5
1684869345.22253,0,0.073827431,-0.075398222,0.5
1684869345.26274,0,0.073827431,-0.075398222,0.5
1684869345.30231,0,0.073827431,-0.075398222,0.5
1684869345.3423,0,0.061261058,-0.062831856,0.5
1684869345.38243,0,0.061261058,-0.062831856,0.5
1684869345.42264,0,0.067544244,-0.069115035,0.5
1684869345.46298,0,0.067544244,-0.069115035,0.5
1684869345.50196,0,0.067544244,-0.069115035,0.5
1684869345.54176,0,0.067544244,-0.069115035,0.5
1684869345.58156,0,0.059690259,-0.061261058,0.5
1684869345.62106,0,0.067544244,-0.069115035,0.5
1684869345.66132,0,0.067544244,-0.069115035,0.5
1684869345.70248,0,0.067544244,-0.069115035,0.5
1684869345.7426,0,0.064402647,-0.065973446,0.5
1684869345.78204,0,0.064402647,-0.065973446,0.5
1684869345.82209,0,0.069115035,-0.070685834,0.5
1684869345.86227,0,0.069115035,-0.070685834,0.5
1684869345.90293,0,0.069115035,-0.070685834,0.5
1684869345.94311,0,0.069115035,-0.070685834,0.5
1684869345.98143,0,0.048694685,-0.050265484,0.5
1684869346.02182,0,0.081681408,-0.083252206,0.5
1684869346.06166,0,0.081681408,-0.083252206,0.5
1684869346.10223,0,0.081681408,-0.083252206,0.5
1684869346.14283,0,0.058119465,-0.059690259,0.5
1684869346.18261,0,0.058119465,-0.059690259,0.5
1684869346.22228,0,0.070685834,-0.072256632,0.5
1684869346.26162,0,0.070685834,-0.072256632,0.5
1684869346.30325,0,0.070685834,-0.072256632,0.5
1684869346.34281,0,0.070685834,-0.072256632,0.5
1684869346.38242,0,0.062831856,-0.064402647,0.5
1684869346.42223,0,0.075398222,-0.07696902,0.5
1684869346.46149,0,0.075398222,-0.07696902,0.5
1684869346.50133,0,0.075398222,-0.07696902,0.5
1684869346.54206,0,0.070685834,-0.072256632,0.5
1684869346.58304,0,0.070685834,-0.072256632,0.5
1684869346.62297,0,0.062831856,-0.064402647,0.5
1684869346.66248,0,0.062831856,-0.064402647,0.5
1684869346.70215,0,0.062831856,-0.064402647,0.5
1684869346.74164,0,0.070685834,-0.072256632,0.5
1684869346.78278,0,0.070685834,-0.072256632,0.5
1684869346.82282,0,0.061261058,-0.062831856,0.5
1684869346.86237,0,0.061261058,-0.062831856,0.5
1684869346.90211,0,0.061261058,-0.062831856,0.5
1684869346.94158,0,0.051836278,-0.053407077,0.5
1684869346.98235,0,0.051836278,-0.053407077,0.5
1684869347.02245,0,0.062831856,-0.064402647,0.5
1684869347.06317,0,0.062831856,-0.064402647,0.5
1684869347.1025,0,0.062831856,-0.064402647,0.5
1684869347.14197,0,0.062831856,-0.064402647,0.5
1684869347.18199,0,0.062831856,-0.064402647,0.5
1684869347.22156,0,0.031415928,-0.032986723,0.5
1684869347.26161,0,0.031415928,-0.032986723,0.5
1684869347.30232,0,0.031415928,-0.032986723,0.5
1684869347.34322,0,0.050265484,-0.051836278,0.5
1684869347.3812,0,0.050265484,-0.051836278,0.5
1684869347.42122,0,0.031415928,-0.032986723,0.5
1684869347.46214,0,0.031415928,-0.032986723,0.5
1684869347.5021,0,0.031415928,-0.032986723,0.5
1684869347.5427,0,0.043982297,-0.045553092,0.5
1684869347.5827,0,0.043982297,-0.045553092,0.5
1684869347.62208,0,0.050265484,-0.051836278,0.5
1684869347.66224,0,0.050265484,-0.051836278,0.5
1684869347.70199,0,0.050265484,-0.051836278,0.5
1684869347.74199,0,0.025132742,-0.026703538,0.5
1684869347.78219,0,0.025132742,-0.026703538,0.5
1684869347.82244,0,0.020420352,-0.021991149,0.5
1684869347.86245,0,0.020420352,-0.021991149,0.5
1684869347.90231,0,0.020420352,-0.021991149,0.5
1684869347.94236,0,0.003141593,-0.004712389,0.5
1684869347.98294,0,0.003141593,-0.004712389,0.5
1684869348.02227,0,0.003141593,-0.004712389,0.5
1684869348.06172,0,0.003141593,-0.004712389,0.5
1684869348.10183,0,0.003141593,-0.004712389,0.5
1684869348.14183,0,0.018849555,-0.020420352,0.5
1684869348.18166,0,0.018849555,-0.020420352,0.5
1684869348.22125,0,0.021991149,-0.023561945,0.5
1684869348.26286,0,0.021991149,-0.023561945,0.5
1684869348.30284,0,0.021991149,-0.023561945,0.5
1684869348.34211,0,0.014137167,-0.015707964,0.5
1684869348.38234,0,0.014137167,-0.015707964,0.5
1684869348.42197,0,-0.018849555,0.017278759,0.5
1684869348.46442,0,-0.018849555,0.017278759,0.5
1684869348.50217,0,-0.018849555,0.017278759,0.5
1684869348.54139,0,-0.025132742,0.023561945,0.5
1684869348.58171,0,-0.025132742,0.023561945,0.5
1684869348.62169,0,-0.028274333,0.026703538,0.5
1684869348.66222,0,-0.028274333,0.026703538,0.5
1684869348.70292,0,-0.028274333,0.026703538,0.5
1684869348.74238,0,-0.031415928,0.02984513,0.5
1684869348.78179,0,-0.031415928,0.02984513,0.5
1684869348.82232,0,-0.034557518,0.032986723,0.5
1684869348.86301,0,-0.034557518,0.032986723,0.5
1684869348.90256,0,-0.034557518,0.032986723,0.5
1684869348.9415,0,-0.045553092,0.043982297,0.5
1684869348.98155,0,-0.045553092,0.043982297,0.5
1684869349.02151,0,-0.042411502,0.040840704,0.5
1684869349.06181,0,-0.042411502,0.040840704,0.5
1684869349.10163,0,-0.042411502,0.040840704,0.5
1684869349.1427,0,-0.064402647,0.062831856,0.5
1684869349.18283,0,-0.064402647,0.062831856,0.5
1684869349.22221,0,-0.067544244,0.065973446,0.5
1684869349.26177,0,-0.067544244,0.065973446,0.5
1684869349.30268,0,-0.067544244,0.065973446,0.5
1684869349.34296,0,-0.094247781,0.092676982,0.5
1684869349.38257,0,-0.094247781,0.092676982,0.5
1684869349.42148,0,-0.084823005,0.083252206,0.5
1684869349.46181,0,-0.084823005,0.083252206,0.5
1684869349.50185,0,-0.084823005,0.083252206,0.5
1684869349.54283,0,-0.07696902,0.075398222,0.5
1684869349.58309,0,-0.07696902,0.075398222,0.5
1684869349.62256,0,-0.07696902,0.075398222,0.5
1684869349.66178,0,-0.054977871,0.053407077,0.5
1684869349.7026,0,-0.054977871,0.053407077,0.5
1684869349.74284,0,-0.083252206,0.081681408,0.5
1684869349.78265,0,-0.083252206,0.081681408,0.5
1684869349.82263,0,-0.065973446,0.064402647,0.5
1684869349.86181,0,-0.065973446,0.064402647,0.5
1684869349.90165,0,-0.065973446,0.064402647,0.5
1684869349.94132,0,-0.073827431,0.072256632,0.5
1684869349.98206,0,-0.073827431,0.072256632,0.5
1684869350.02363,0,-0.073827431,0.072256632,0.5
1684869350.0627,0,-0.056548666,0.054977871,0.5
1684869350.10242,0,-0.056548666,0.054977871,0.5
1684869350.1419,0,-0.058119465,0.056548666,0.5
1684869350.18198,0,-0.058119465,0.056548666,0.5
1684869350.22275,0,-0.062831856,0.061261058,0.5
1684869350.26244,0,-0.062831856,0.061261058,0.5
1684869350.30234,0,-0.062831856,0.061261058,0.5
1684869350.34193,0,-0.051836278,0.050265484,0.5
1684869350.38157,0,-0.051836278,0.050265484,0.5
1684869350.42272,0,-0.051836278,0.050265484,0.5
1684869350.46263,0,-0.050265484,0.048694685,0.5
1684869350.50285,0,-0.050265484,0.048694685,0.5
1684869350.54248,0,-0.043982297,0.042411502,0.5
1684869350.58211,0,-0.043982297,0.042411502,0.5
1684869350.62177,0,-0.061261058,0.059690259,0.5
1684869350.663,0,-0.061261058,0.059690259,0.5
1684869350.70139,0,-0.061261058,0.059690259,0.5
1684869350.74224,0,0.325154841,-0.326725632,0.5
1684869350.78246,0,0.325154841,-0.326725632,0.5
1684869350.82125,0,0.325154841,-0.326725632,0.5
1684869350.86219,0,0.326725632,-0.328296423,0.5
1684869350.90208,0,0.326725632,-0.328296423,0.5
1684869350.94276,0,0.317300856,-0.318871647,0.5
1684869350.98255,0,0.317300856,-0.318871647,0.5
1684869351.02229,0,0.298451304,-0.300022095,0.5
1684869351.06189,0,0.298451304,-0.300022095,0.5
1684869351.10162,0,0.298451304,-0.300022095,0.5
1684869351.14174,0,0.238761038,-0.240331843,0.5
1684869351.18213,0,0.238761038,-0.240331843,0.5
1684869351.22236,0,0.238761038,-0.240331843,0.5
1684869351.26192,0,0.201061934,-0.202632725,0.5
1684869351.30216,0,0.201061934,-0.202632725,0.5
1684869351.34214,0,0.201061934,-0.202632725,0.5
1684869351.38293,0,0.108384944,-0.109955743,0.5
1684869351.42228,0,0.048694685,-0.050265484,0.5
1684869351.46194,0,0.048694685,-0.050265484,0.5
1684869351.50168,0,0.048694685,-0.050265484,0.5
1684869351.54173,0,-0.012566371,0.010995574,0.5
1684869351.58183,0,-0.012566371,0.010995574,0.5
1684869351.62128,0,-0.012566371,0.010995574,0.5
1684869351.66263,0,-0.072256632,0.070685834,0.5
1684869351.70227,0,-0.072256632,0.070685834,0.5
1684869351.74261,0,-0.072256632,0.070685834,0.5
1684869351.78283,0,-0.127234504,0.125663713,0.5
1684869351.82238,0,-0.160221219,0.158650428,0.5
1684869351.86214,0,-0.160221219,0.158650428,0.5
1684869351.902,0,-0.160221219,0.158650428,0.5
1684869351.94241,0,-0.212057501,0.21048671,0.5
1684869351.98187,0,-0.212057501,0.21048671,0.5
1684869352.0218,0,-0.212057501,0.21048671,0.5
1684869352.06209,0,-0.208915904,0.207345113,0.5
1684869352.1028,0,-0.208915904,0.207345113,0.5
1684869352.1427,0,-0.208915904,0.207345113,0.5
1684869352.18278,0,-0.240331843,0.238761038,0.5
1684869352.22237,0,-0.245044231,0.243473426,0.5
1684869352.26267,0,-0.245044231,0.243473426,0.5
1684869352.30298,0,-0.245044231,0.243473426,0.5
1684869352.34289,0,-0.212057501,0.21048671,0.5
1684869352.38197,0,-0.212057501,0.21048671,0.5
1684869352.42163,0,-0.212057501,0.21048671,0.5
1684869352.46132,0,-0.223053083,0.221482277,0.5
1684869352.50103,0,-0.223053083,0.221482277,0.5
1684869352.542,0,-0.223053083,0.221482277,0.5
1684869352.58312,0,-0.180641577,0.179070786,0.5
1684869352.6219,0,-0.168075204,0.166504413,0.5
1684869352.66193,0,-0.168075204,0.166504413,0.5
1684869352.7019,0,-0.168075204,0.166504413,0.5
1684869352.74245,0,-0.155508831,0.15393804,0.5
1684869352.78336,0,-0.155508831,0.15393804,0.5
1684869352.82245,0,-0.155508831,0.15393804,0.5
1684869352.86131,0,-0.149225652,0.147654861,0.5
1684869352.90167,0,-0.149225652,0.147654861,0.5
1684869352.94227,0,-0.149225652,0.147654861,0.5
1684869352.98329,0,-0.067544244,0.065973446,0.5
1684869353.02293,0,-0.067544244,0.065973446,0.5
1684869353.0625,0,-0.056548666,0.054977871,0.5
1684869353.10169,0,-0.056548666,0.054977871,0.5
1684869353.1422,0,-0.003141593,0.001570796,0.5
1684869353.18316,0,-0.003141593,0.001570796,0.5
1684869353.22251,0,-0.003141593,0.001570796,0.5
1684869353.26199,0,0.025132742,-0.026703538,0.5
1684869353.30137,0,0.025132742,-0.026703538,0.5
1684869353.34115,0,0.025132742,-0.026703538,0.5
1684869353.3823,0,0.091106184,-0.092676982,0.5
1684869353.42278,0,0.073827431,-0.075398222,0.5
1684869353.46281,0,0.073827431,-0.075398222,0.5
1684869353.50247,0,0.073827431,-0.075398222,0.5
1684869353.54202,0,0.073827431,-0.075398222,0.5
1684869353.58388,0,0.073827431,-0.075398222,0.5
1684869353.62275,0,0.073827431,-0.075398222,0.5
1684869353.66344,0,0.069115035,-0.070685834,0.5
1684869353.70226,0,0.069115035,-0.070685834,0.5
1684869353.74198,0,0.069115035,-0.070685834,0.5
1684869353.78441,0,0.067544244,-0.069115035,0.5
1684869353.82261,0,0.058119465,-0.059690259,0.5
1684869353.86327,0,0.058119465,-0.059690259,0.5
1684869353.90309,0,0.058119465,-0.059690259,0.5
1684869353.9422,0,0.032986723,-0.034557518,0.5
1684869353.98366,0,0.032986723,-0.034557518,0.5
1684869354.02146,0,0.032986723,-0.034557518,0.5
1684869354.06253,0,-0.006283185,0.004712389,0.5
1684869354.10253,0,-0.006283185,0.004712389,0.5
1684869354.14208,0,-0.006283185,0.004712389,0.5
1684869354.18257,0,-0.001570796,0,0.5
1684869354.22147,0,-0.023561945,0.021991149,0.5
1684869354.26116,0,-0.023561945,0.021991149,0.5
1684869354.30259,0,-0.023561945,0.021991149,0.5
1684869354.34254,0,-0.062831856,0.061261058,0.5
1684869354.38399,0,-0.062831856,0.061261058,0.5
1684869354.42214,0,-0.062831856,0.061261058,0.5
1684869354.46174,0,-0.062831856,0.061261058,0.5
1684869354.50137,0,-0.062831856,0.061261058,0.5
1684869354.54165,0,-0.062831856,0.061261058,0.5
1684869354.585,0,-0.092676982,0.091106184,0.5
1684869354.62202,0,-0.08011061,0.078539819,0.5
1684869354.66204,0,-0.08011061,0.078539819,0.5
1684869354.70272,0,-0.08011061,0.078539819,0.5
1684869354.74322,0,-0.103672557,0.102101758,0.5
1684869354.78317,0,-0.103672557,0.102101758,0.5
1684869354.82266,0,-0.120951317,0.119380519,0.5
1684869354.8618,0,-0.120951317,0.119380519,0.5
1684869354.90128,0,-0.120951317,0.119380519,0.5
1684869354.94117,0,-0.113097332,0.111526541,0.5
1684869354.98633,0,-0.113097332,0.111526541,0.5
1684869355.02238,0,-0.13823007,0.136659279,0.5
1684869355.0617,0,-0.13823007,0.136659279,0.5
1684869355.10102,0,-0.13823007,0.136659279,0.5
1684869355.14189,0,-0.125663713,0.124092907,0.5
1684869355.18307,0,-0.125663713,0.124092907,0.5
1684869355.22215,0,-0.100530967,0.098960169,0.5
1684869355.26284,0,-0.100530967,0.098960169,0.5
1684869355.30288,0,-0.100530967,0.098960169,0.5
1684869355.34145,0,-0.100530967,0.098960169,0.5
1684869355.38511,0,-0.130376101,0.128805295,0.5
1684869355.42182,0,-0.094247781,0.092676982,0.5
1684869355.46218,0,-0.094247781,0.092676982,0.5
1684869355.50239,0,-0.094247781,0.092676982,0.5
1684869355.54189,0,-0.072256632,0.070685834,0.5
1684869355.58229,0,-0.072256632,0.070685834,0.5
1684869355.62275,0,-0.062831856,0.061261058,0.5
1684869355.66296,0,-0.062831856,0.061261058,0.5
1684869355.70257,0,-0.062831856,0.061261058,0.5
1684869355.74274,0,-0.050265484,0.048694685,0.5
1684869355.78587,0,-0.050265484,0.048694685,0.5
1684869355.82175,0,-0.02984513,0.028274333,0.5
1684869355.86188,0,-0.02984513,0.028274333,0.5
1684869355.90136,0,-0.02984513,0.028274333,0.5
1684869355.94297,0,-0.003141593,0.001570796,0.5
1684869355.98523,0,-0.003141593,0.001570796,0.5
1684869356.02211,0,-0.001570796,0,0.5
1684869356.06179,0,-0.001570796,0,0.5
1684869356.10178,0,-0.001570796,0,0.5
1684869356.14264,0,0.02984513,-0.031415928,0.5
1684869356.18307,0,0.02984513,-0.031415928,0.5
1684869356.22236,0,0.050265484,-0.051836278,0.5
1684869356.26177,0,0.050265484,-0.051836278,0.5
1684869356.30145,0,0.050265484,-0.051836278,0.5
1684869356.3414,0,0.089535393,-0.091106184,0.5
1684869356.38316,0,0.089535393,-0.091106184,0.5
1684869356.4229,0,0.084823005,-0.086393796,0.5
1684869356.46242,0,0.084823005,-0.086393796,0.5
1684869356.5017,0,0.084823005,-0.086393796,0.5
1684869356.54155,0,0.091106184,-0.092676982,0.5
1684869356.58306,0,0.091106184,-0.092676982,0.5
1684869356.62265,0,0.062831856,-0.064402647,0.5
1684869356.66282,0,0.062831856,-0.064402647,0.5
1684869356.70202,0,0.062831856,-0.064402647,0.5
1684869356.74165,0,0.084823005,-0.086393796,0.5
1684869356.78164,0,0.084823005,-0.086393796,0.5
1684869356.82202,0,0.065973446,-0.067544244,0.5
1684869356.86312,0,0.065973446,-0.067544244,0.5
1684869356.90294,0,0.065973446,-0.067544244,0.5
1684869356.94261,0,0.051836278,-0.053407077,0.5
1684869356.98498,0,0.051836278,-0.053407077,0.5
1684869357.02167,0,0.059690259,-0.061261058,0.5
1684869357.06213,0,0.059690259,-0.061261058,0.5
1684869357.10254,0,0.059690259,-0.061261058,0.5
1684869357.1423,0,0.031415928,-0.032986723,0.5
1684869357.1831,0,0.031415928,-0.032986723,0.5
1684869357.22178,0,0.001570796,-0.003141593,0.5
1684869357.26257,0,0.001570796,-0.003141593,0.5
1684869357.30244,0,0.001570796,-0.003141593,0.5
1684869357.3427,0,0.001570796,-0.003141593,0.5
1684869357.38276,0,0.001570796,-0.003141593,0.5
1684869357.42228,0,-0.023561945,0.021991149,0.5
1684869357.46208,0,-0.023561945,0.021991149,0.5
1684869357.50145,0,-0.023561945,0.021991149,0.5
1684869357.54163,0,-0.02984513,0.028274333,0.5
1684869357.58172,0,-0.02984513,0.028274333,0.5
1684869357.62284,0,-0.058119465,0.056548666,0.5
1684869357.66123,0,-0.058119465,0.056548666,0.5
1684869357.7013,0,-0.058119465,0.056548666,0.5
1684869357.74201,0,-0.078539819,0.07696902,0.5
1684869357.78249,0,-0.078539819,0.07696902,0.5
1684869357.82275,0,-0.086393796,0.084823005,0.5
1684869357.86251,0,-0.086393796,0.084823005,0.5
1684869357.9022,0,-0.086393796,0.084823005,0.5
1684869357.94234,0,-0.100530967,0.098960169,0.5
1684869357.98247,0,-0.100530967,0.098960169,0.5
1684869358.0217,0,-0.094247781,0.092676982,0.5
1684869358.06254,0,-0.094247781,0.092676982,0.5
1684869358.10299,0,-0.094247781,0.092676982,0.5
1684869358.1424,0,-0.114668131,0.113097332,0.5
1684869358.18521,0,-0.114668131,0.113097332,0.5
1684869358.2221,0,-0.114668131,0.113097332,0.5
1684869358.26247,0,-0.105243355,0.103672557,0.5
1684869358.3027,0,-0.105243355,0.103672557,0.5
1684869358.34222,0,-0.113097332,0.111526541,0.5
1684869358.38301,0,-0.113097332,0.111526541,0.5
1684869358.42158,0,-0.108384944,0.106814153,0.5
1684869358.46105,0,-0.108384944,0.106814153,0.5
1684869358.50412,0,-0.108384944,0.106814153,0.5
1684869358.54166,0,-0.109955743,0.108384944,0.5
1684869358.58385,0,-0.109955743,0.108384944,0.5
1684869358.62201,0,-0.109955743,0.108384944,0.5
1684869358.66171,0,-0.106814153,0.105243355,0.5
1684869358.70135,0,-0.106814153,0.105243355,0.5
1684869358.74279,0,-0.094247781,0.092676982,0.5
1684869358.78312,0,-0.094247781,0.092676982,0.5
1684869358.82207,0,-0.075398222,0.073827431,0.5
1684869358.862,0,-0.075398222,0.073827431,0.5
1684869358.90201,0,-0.075398222,0.073827431,0.5
1684869358.9424,0,-0.064402647,0.062831856,0.5
1684869358.98355,0,-0.064402647,0.062831856,0.5
1684869359.02301,0,-0.064402647,0.062831856,0.5
1684869359.06203,0,-0.069115035,0.067544244,0.5
1684869359.10159,0,-0.069115035,0.067544244,0.5
1684869359.14174,0,-0.069115035,0.067544244,0.5
1684869359.18291,0,-0.072256632,0.070685834,0.5
1684869359.22248,0,-0.064402647,0.062831856,0.5
1684869359.26188,0,-0.064402647,0.062831856,0.5
1684869359.30151,0,-0.064402647,0.062831856,0.5
1684869359.34139,0,-0.037699111,0.036128316,0.5
1684869359.3827,0,-0.037699111,0.036128316,0.5
1684869359.42262,0,-0.037699111,0.036128316,0.5
1684869359.46272,0,-0.040840704,0.039269909,0.5
1684869359.50261,0,-0.040840704,0.039269909,0.5
1684869359.54204,0,-0.040840704,0.039269909,0.5
1684869359.58221,0,-0.015707964,0.014137167,0.5
1684869359.62173,0,-0.020420352,0.018849555,0.5
1684869359.6623,0,-0.020420352,0.018849555,0.5
1684869359.70207,0,-0.020420352,0.018849555,0.5
1684869359.74191,0,-0.018849555,0.017278759,0.5
1684869359.78216,0,-0.018849555,0.017278759,0.5
1684869359.82275,0,-0.018849555,0.017278759,0.5
1684869359.86315,0,0.006283185,-0.007853982,0.5
1684869359.90266,0,0.006283185,-0.007853982,0.5
1684869359.94242,0,0.006283185,-0.007853982,0.5
1684869359.98237,0,0.032986723,-0.034557518,0.5
1684869360.02165,0,0.037699111,-0.039269909,0.5
1684869360.06135,0,0.037699111,-0.039269909,0.5
1684869360.10162,0,0.037699111,-0.039269909,0.5
1684869360.14176,0,0.067544244,-0.069115035,0.5
1684869360.18215,0,0.067544244,-0.069115035,0.5
1684869360.22123,0,0.067544244,-0.069115035,0.5
1684869360.26186,0,0.053407077,-0.054977871,0.5
1684869360.30273,0,0.053407077,-0.054977871,0.5
1684869360.34286,0,0.053407077,-0.054977871,0.5
1684869360.38313,0,0.098960169,-0.100530967,0.5
1684869360.42253,0,0.059690259,-0.061261058,0.5
1684869360.46174,0,0.059690259,-0.061261058,0.5
1684869360.50149,0,0.059690259,-0.061261058,0.5
1684869360.54194,0,0.064402647,-0.065973446,0.5
1684869360.58274,0,0.064402647,-0.065973446,0.5
1684869360.62185,0,0.064402647,-0.065973446,0.5
1684869360.66198,0,0.073827431,-0.075398222,0.5
1684869360.70315,0,0.073827431,-0.075398222,0.5
1684869360.74233,0,0.073827431,-0.075398222,0.5
1684869360.78268,0,-0.351858377,0.350287586,0.5
1684869360.82234,0,-0.351858377,0.350287586,0.5
1684869360.86206,0,-0.35657078,0.354999959,0.5
1684869360.90221,0,-0.35657078,0.354999959,0.5
1684869360.94177,0,-0.365995556,0.364424735,0.5
1684869360.98165,0,-0.365995556,0.364424735,0.5
1684869361.02161,0,-0.365995556,0.364424735,0.5
1684869361.06275,0,-0.358141571,0.35657078,0.5
1684869361.10168,0,-0.358141571,0.35657078,0.5
1684869361.14224,0,-0.358141571,0.35657078,0.5
1684869361.18206,0,-0.337721199,0.336150408,0.5
1684869361.22224,0,-0.337721199,0.336150408,0.5
1684869361.26264,0,-0.276460141,0.27488935,0.5
1684869361.30325,0,-0.276460141,0.27488935,0.5
1684869361.34218,0,-0.227765471,0.226194665,0.5
1684869361.38192,0,-0.227765471,0.226194665,0.5
1684869361.42166,0,-0.227765471,0.226194665,0.5
1684869361.46166,0,-0.141371667,0.139800876,0.5
1684869361.50361,0,-0.141371667,0.139800876,0.5
1684869361.54254,0,-0.141371667,0.139800876,0.5
1684869361.58236,0,-0.065973446,0.064402647,0.5
1684869361.62201,0,-0.065973446,0.064402647,0.5
1684869361.66253,0,-0.065973446,0.064402647,0.5
1684869361.70289,0,0.048694685,-0.050265484,0.5
1684869361.74191,0,0.120951317,-0.122522116,0.5
1684869361.78195,0,0.120951317,-0.122522116,0.5
1684869361.82148,0,0.120951317,-0.122522116,0.5
1684869361.86169,0,0.179070786,-0.180641577,0.5
1684869361.90206,0,0.179070786,-0.180641577,0.5
1684869361.9423,0,0.179070786,-0.180641577,0.5
1684869361.98315,0,0.207345113,-0.208915904,0.5
1684869362.02199,0,0.207345113,-0.208915904,0.5
1684869362.06188,0,0.207345113,-0.208915904,0.5
1684869362.10235,0,0.205774322,-0.207345113,0.5
1684869362.14253,0,0.201061934,-0.202632725,0.5
1684869362.18197,0,0.201061934,-0.202632725,0.5
1684869362.22148,0,0.201061934,-0.202632725,0.5
1684869362.26193,0,0.182212368,-0.183783174,0.5
1684869362.30199,0,0.182212368,-0.183783174,0.5
1684869362.34242,0,0.182212368,-0.183783174,0.5
1684869362.38284,0,0.155508831,-0.157079637,0.5
1684869362.4223,0,0.155508831,-0.157079637,0.5
1684869362.46183,0,0.155508831,-0.157079637,0.5
1684869362.50585,0,0.113097332,-0.114668131,0.5
1684869362.5428,0,0.089535393,-0.091106184,0.5
1684869362.58274,0,0.089535393,-0.091106184,0.5
1684869362.62233,0,0.089535393,-0.091106184,0.5
1684869362.6627,0,0.039269909,-0.040840704,0.5
1684869362.70184,0,0.039269909,-0.040840704,0.5
1684869362.74143,0,0.039269909,-0.040840704,0.5
1684869362.7813,0,0.014137167,-0.015707964,0.5
1684869362.82284,0,0.014137167,-0.015707964,0.5
1684869362.86281,0,0.014137167,-0.015707964,0.5
1684869362.9024,0,-0.018849555,0.017278759,0.5
1684869362.94191,0,-0.048694685,0.04712389,0.5
1684869362.98204,0,-0.048694685,0.04712389,0.5
1684869363.02286,0,-0.048694685,0.04712389,0.5
1684869363.0626,0,-0.061261058,0.059690259,0.5
1684869363.10264,0,-0.061261058,0.059690259,0.5
1684869363.14164,0,-0.061261058,0.059690259,0.5
1684869363.18178,0,-0.073827431,0.072256632,0.5
1684869363.22213,0,-0.073827431,0.072256632,0.5
1684869363.26337,0,-0.073827431,0.072256632,0.5
1684869363.30317,0,-0.089535393,0.087964594,0.5
1684869363.34198,0,-0.073827431,0.072256632,0.5
1684869363.38151,0,-0.073827431,0.072256632,0.5
1684869363.42287,0,-0.073827431,0.072256632,0.5
1684869363.46272,0,-0.084823005,0.083252206,0.5
1684869363.5032,0,-0.084823005,0.083252206,0.5
1684869363.54225,0,-0.084823005,0.083252206,0.5
1684869363.58173,0,-0.091106184,0.089535393,0.5
1684869363.62107,0,-0.091106184,0.089535393,0.5
1684869363.66203,0,-0.091106184,0.089535393,0.5
1684869363.70289,0,-0.062831856,0.061261058,0.5
1684869363.74284,0,-0.061261058,0.059690259,0.5
1684869363.78259,0,-0.061261058,0.059690259,0.5
1684869363.82197,0,-0.061261058,0.059690259,0.5
1684869363.86166,0,-0.058119465,0.056548666,0.5
1684869363.90281,0,-0.058119465,0.056548666,0.5
1684869363.94249,0,-0.058119465,0.056548666,0.5
1684869363.98207,0,-0.02984513,0.028274333,0.5
1684869364.02168,0,-0.02984513,0.028274333,0.5
1684869364.06209,0,-0.02984513,0.028274333,0.5
1684869364.1028,0,-0.034557518,0.032986723,0.5
1684869364.14245,0,-0.006283185,0.004712389,0.5
1684869364.1837,0,-0.006283185,0.004712389,0.5
1684869364.22246,0,-0.006283185,0.004712389,0.5
1684869364.26194,0,0.010995574,-0.012566371,0.5
1684869364.30261,0,0.010995574,-0.012566371,0.5
1684869364.34179,0,0.014137167,-0.015707964,0.5
1684869364.38179,0,0.014137167,-0.015707964,0.5
1684869364.42199,0,0.014137167,-0.015707964,0.5
1684869364.46179,0,0.014137167,-0.015707964,0.5
1684869364.50164,0,0.045553092,-0.04712389,0.5
1684869364.54216,0,0.028274333,-0.02984513,0.5
1684869364.5823,0,0.028274333,-0.02984513,0.5
1684869364.62248,0,0.028274333,-0.02984513,0.5
1684869364.66262,0,0.043982297,-0.045553092,0.5
1684869364.70254,0,0.043982297,-0.045553092,0.5
1684869364.74202,0,0.081681408,-0.083252206,0.5
1684869364.78201,0,0.081681408,-0.083252206,0.5
1684869364.82152,0,0.081681408,-0.083252206,0.5
1684869364.86171,0,0.072256632,-0.073827431,0.5
1684869364.90403,0,0.072256632,-0.073827431,0.5
1684869364.94299,0,0.089535393,-0.091106184,0.5
1684869364.9825,0,0.089535393,-0.091106184,0.5
1684869365.02242,0,0.089535393,-0.091106184,0.5
1684869365.06215,0,0.087964594,-0.089535393,0.5
1684869365.10381,0,0.087964594,-0.089535393,0.5
1684869365.14213,0,0.078539819,-0.08011061,0.5
1684869365.18198,0,0.078539819,-0.08011061,0.5
1684869365.22181,0,0.078539819,-0.08011061,0.5
1684869365.26175,0,0.073827431,-0.075398222,0.5
1684869365.30143,0,0.073827431,-0.075398222,0.5
1684869365.3414,0,0.054977871,-0.056548666,0.5
1684869365.38253,0,0.054977871,-0.056548666,0.5
1684869365.42222,0,0.054977871,-0.056548666,0.5
1684869365.46213,0,0.039269909,-0.040840704,0.5
1684869365.50273,0,0.039269909,-0.040840704,0.5
1684869365.54178,0,0.007853982,-0.009424778,0.5
1684869365.58265,0,0.007853982,-0.009424778,0.5
1684869365.62166,0,0.007853982,-0.009424778,0.5
1684869365.66269,0,-0.009424778,0.007853982,0.5
1684869365.70245,0,-0.009424778,0.007853982,0.5
1684869365.74185,0,-0.009424778,0.007853982,0.5
1684869365.7828,0,-0.009424778,0.007853982,0.5
1684869365.82291,0,-0.009424778,0.007853982,0.5
1684869365.86278,0,-0.006283185,0.004712389,0.5
1684869365.90295,0,-0.006283185,0.004712389,0.5
1684869365.94213,0,-0.039269909,0.037699111,0.5
1684869365.98331,0,-0.039269909,0.037699111,0.5
1684869366.0231,0,-0.039269909,0.037699111,0.5
1684869366.06255,0,-0.064402647,0.062831856,0.5
1684869366.10466,0,-0.064402647,0.062831856,0.5
1684869366.1414,0,-0.103672557,0.102101758,0.5
1684869366.18126,0,-0.103672557,0.102101758,0.5
1684869366.22114,0,-0.103672557,0.102101758,0.5
1684869366.26321,0,-0.106814153,0.105243355,0.5
1684869366.30539,0,-0.106814153,0.105243355,0.5
1684869366.34193,0,-0.128805295,0.127234504,0.5
1684869366.38166,0,-0.128805295,0.127234504,0.5
1684869366.42195,0,-0.128805295,0.127234504,0.5
1684869366.46325,0,-0.15393804,0.152367249,0.5
1684869366.50335,0,-0.15393804,0.152367249,0.5
1684869366.54161,0,-0.147654861,0.146084055,0.5
1684869366.5814,0,-0.147654861,0.146084055,0.5
1684869366.6215,0,-0.147654861,0.146084055,0.5
1684869366.66259,0,-0.125663713,0.124092907,0.5
1684869366.70359,0,-0.125663713,0.124092907,0.5
1684869366.74275,0,-0.130376101,0.128805295,0.5
1684869366.78239,0,-0.130376101,0.128805295,0.5
1684869366.82146,0,-0.130376101,0.128805295,0.5
1684869366.86171,0,-0.114668131,0.113097332,0.5
1684869366.90357,0,-0.114668131,0.113097332,0.5
1684869366.94283,0,-0.108384944,0.106814153,0.5
1684869366.98255,0,-0.108384944,0.106814153,0.5
1684869367.02113,0,-0.108384944,0.106814153,0.5
1684869367.06125,0,-0.078539819,0.07696902,0.5
1684869367.10174,0,-0.078539819,0.07696902,0.5
1684869367.14217,0,-0.043982297,0.042411502,0.5
1684869367.18298,0,-0.043982297,0.042411502,0.5
1684869367.22272,0,-0.043982297,0.042411502,0.5
1684869367.26243,0,-0.026703538,0.025132742,0.5
1684869367.30287,0,-0.026703538,0.025132742,0.5
1684869367.34156,0,-0.026703538,0.025132742,0.5
1684869367.38169,0,-0.028274333,0.026703538,0.5
1684869367.4224,0,-0.028274333,0.026703538,0.5
1684869367.46211,0,-0.006283185,0.004712389,0.5
1684869367.50282,0,-0.006283185,0.004712389,0.5
1684869367.5423,0,0.006283185,-0.007853982,0.5
1684869367.58222,0,0.006283185,-0.007853982,0.5
1684869367.62256,0,0.006283185,-0.007853982,0.5
1684869367.66227,0,0.02984513,-0.031415928,0.5
1684869367.70249,0,0.02984513,-0.031415928,0.5
1684869367.74172,0,0.02984513,-0.031415928,0.5
1684869367.78183,0,0.058119465,-0.059690259,0.5
1684869367.82172,0,0.058119465,-0.059690259,0.5
1684869367.86139,0,0.064402647,-0.065973446,0.5
1684869367.90359,0,0.064402647,-0.065973446,0.5
1684869367.9413,0,0.067544244,-0.069115035,0.5
1684869367.98163,0,0.067544244,-0.069115035,0.5
1684869368.02195,0,0.067544244,-0.069115035,0.5
1684869368.06186,0,0.067544244,-0.069115035,0.5
1684869368.10309,0,0.067544244,-0.069115035,0.5
1684869368.14203,0,0.067544244,-0.069115035,0.5
1684869368.18206,0,0.051836278,-0.053407077,0.5
1684869368.22147,0,0.051836278,-0.053407077,0.5
1684869368.26183,0,0.036128316,-0.037699111,0.5
1684869368.30196,0,0.036128316,-0.037699111,0.5
1684869368.38244,0,0.037699111,-0.039269909,0.5
1684869368.42227,0,0.037699111,-0.039269909,0.5
1684869368.46217,0,0.031415928,-0.032986723,0.5
1684869368.50322,0,0.031415928,-0.032986723,0.5
1684869368.54491,0,0.028274333,-0.02984513,0.5
1684869368.58194,0,0.028274333,-0.02984513,0.5
1684869368.62147,0,0.028274333,-0.02984513,0.5
1684869368.66201,0,0.007853982,-0.009424778,0.5
1684869368.70224,0,0.007853982,-0.009424778,0.5
1684869368.74141,0,0.001570796,-0.003141593,0.5
1684869368.7818,0,0.001570796,-0.003141593,0.5
1684869368.82318,0,0.001570796,-0.003141593,0.5
1684869368.86227,0,-0.031415928,0.02984513,0.5
1684869368.90204,0,-0.031415928,0.02984513,0.5
1684869368.94217,0,-0.031415928,0.02984513,0.5
1684869368.98216,0,-0.036128316,0.034557518,0.5
1684869369.02196,0,-0.036128316,0.034557518,0.5
1684869369.06168,0,-0.036128316,0.034557518,0.5
1684869369.10216,0,-0.058119465,0.056548666,0.5
1684869369.14149,0,-0.072256632,0.070685834,0.5
1684869369.18208,0,-0.072256632,0.070685834,0.5
1684869369.22352,0,-0.072256632,0.070685834,0.5
1684869369.26298,0,-0.094247781,0.092676982,0.5
1684869369.3026,0,-0.094247781,0.092676982,0.5
1684869369.34214,0,-0.095818579,0.094247781,0.5
1684869369.38243,0,-0.095818579,0.094247781,0.5
1684869369.42293,0,-0.095818579,0.094247781,0.5
1684869369.46287,0,-0.095818579,0.094247781,0.5
1684869369.50211,0,-0.089535393,0.087964594,0.5
1684869369.54159,0,-0.098960169,0.09738937,0.5
1684869369.58153,0,-0.098960169,0.09738937,0.5
1684869369.62123,0,-0.098960169,0.09738937,0.5
1684869369.66177,0,-0.108384944,0.106814153,0.5
1684869369.70326,0,-0.108384944,0.106814153,0.5
1684869369.74252,0,-0.108384944,0.106814153,0.5
1684869369.78182,0,-0.124092907,0.122522116,0.5
1684869369.82153,0,-0.124092907,0.122522116,0.5
1684869369.86299,0,-0.095818579,0.094247781,0.5
1684869369.90285,0,-0.095818579,0.094247781,0.5
1684869369.94217,0,-0.113097332,0.111526541,0.5
1684869369.98187,0,-0.113097332,0.111526541,0.5
1684869370.02145,0,-0.113097332,0.111526541,0.5
1684869370.06244,0,-0.08011061,0.078539819,0.5
1684869370.10502,0,-0.08011061,0.078539819,0.5
1684869370.14278,0,-0.08011061,0.078539819,0.5
1684869370.18211,0,-0.106814153,0.105243355,0.5
1684869370.22146,0,-0.106814153,0.105243355,0.5
1684869370.26259,0,-0.106814153,0.105243355,0.5
1684869370.30313,0,-0.125663713,0.124092907,0.5
1684869370.34245,0,-0.070685834,0.069115035,0.5
1684869370.38208,0,-0.070685834,0.069115035,0.5
1684869370.42136,0,-0.070685834,0.069115035,0.5
1684869370.46116,0,-0.095818579,0.094247781,0.5
1684869370.50231,0,-0.095818579,0.094247781,0.5
1684869370.5419,0,-0.095818579,0.094247781,0.5
1684869370.58336,0,-0.07696902,0.075398222,0.5
1684869370.62255,0,-0.07696902,0.075398222,0.5
1684869370.66224,0,-0.07696902,0.075398222,0.5
1684869370.70208,0,-0.062831856,0.061261058,0.5
1684869370.74209,0,0,0,0
1684869370.78266,0,0,0,0
1684869370.82213,0,0,0,0
1684869370.86207,0,0,0,0
1684869370.90153,0,0,0,0
1684869370.94212,0,0,0,0
1684869370.98259,0,0,0,0
1684869371.02219,0,0,0,0
1684869371.06224,0,0,0,0
1684869371.10205,0,0,0,0
1684869371.14161,0,0,0,0
1684869371.18215,0,0,0,0
1684869371.22168,0,0,0,0
1684869371.26175,0,0,0,0
1684869371.30166,0,0,0,0
1684869371.34146,0,0,0,0
1684869371.38183,0,0,0,0
1684869371.42218,0,0,0,0
1684869371.46183,0,0,0,0
1684869371.50228,0,0,0,0
1684869371.54213,0,0,0,0
1684869371.58164,0,0,0,0
1684869371.62156,0,0,0,0
1684869371.66275,0,0,0,0
1684869371.70157,0,0,0,0
1684869371.74277,0,0,0,0
1684869371.78209,0,0,0,0
1684869371.82215,0,0,0,0
1684869371.86244,0,0,0,0
1684869371.90257,0,0,0,0
1684869371.94242,0,0,0,0
1684869371.98191,0,0,0,0
1684869372.02175,0,0,0,0
1684869372.06183,0,0,0,0
1684869372.10174,0,0,0,0
1684869372.14144,0,0,0,0
1684869372.18205,0,0,0,0
1684869372.2229,0,0,0,0
1684869372.26246,0,0,0,0
1684869372.30206,0,0,0,0
1684869372.34232,0,0,0,0
1684869372.3823,0,0,0,0
1684869372.42303,0,0,0,0
1684869372.4617,0,0,0,0
1684869372.50198,0,0,0,0
1684869372.54181,0,0,0,0
1684869372.58173,0,0,0,0
1684869372.62275,0,0,0,0
1684869372.66301,0,0,0,0
1684869372.7025,0,0,0,0
1684869372.74177,0,0,0,0
1684869372.78234,0,0,0,0
1684869372.82313,0,0,0,0
1684869372.86269,0,0,0,0
1684869372.90239,0,0,0,0
1684869372.94179,0,0,0,0
1684869372.98125,0,0,0,0
1684869373.02139,0,0,0,0
1684869373.06127,0,0,0,0
1684869373.10294,0,0,0,0
1684869373.14232,0,0,0,0
1684869373.18185,0,0,0,0
1684869373.22153,0,0,0,0
1684869373.26282,0,0,0,0
1684869373.30306,0,0,0,0
1684869373.34286,0,0,0,0
1684869373.38237,0,0,0,0
1684869373.42182,0,0,0,0
1684869373.46213,0,0,0,0
1684869373.50287,0,0,0,0
1684869373.54339,0,0,0,0
1684869373.58274,0,0,0,0
1684869373.62208,0,0,0,0
1684869373.66208,0,0,0,0
1684869373.70262,0,0,0,0
1684869373.74271,0,0,0,0
1684869373.78232,0,0,0,0
1684869373.82194,0,0,0,0
1684869373.8613,0,0,0,0
1684869373.90126,0,0,0,0
1684869373.94188,0,0,0,0
1684869373.98256,0,0,0,0
1684869374.02264,0,0,0,0
1684869374.06246,0,0,0,0
1684869374.10227,0,0,0,0
1684869374.14156,0,0,0,0
1684869374.18219,0,0,0,0
1684869374.22201,0,0,0,0
1684869374.26233,0,0,0,0
1684869374.30203,0,0,0,0
1684869374.34175,0,0,0,0
1684869374.3822,0,0,0,0
1684869374.4226,0,0,0,0
1684869374.46337,0,0,0,0
1684869374.50248,0,0,0,0
1684869374.54199,0,0,0,0
1684869374.58175,0,0,0,0
1684869374.62184,0,0,0,0
1684869374.66211,0,0,0,0
1684869374.70341,0,0,0,0
1684869374.74285,0,0,0,0
1684869374.78238,0,0,0,0
1684869374.82224,0,0,0,0
1684869374.86203,0,0,0,0
1684869374.90176,0,0,0,0
1684869374.9427,0,0,0,0
1684869374.98219,0,0,0,0
1684869375.0217,0,0,0,0
1684869375.06151,0,0,0,0
1684869375.10177,0,0,0,0
1684869375.14191,0,0,0,0
1684869375.18265,0,0,0,0
1684869375.2224,0,0,0,0
1684869375.26235,0,0,0,0
1684869375.30174,0,0,0,0
1684869375.34196,0,0,0,0
1684869375.38273,0,0,0,0
1684869375.42132,0,0,0,0
1684869375.46181,0,0,0,0
1684869375.50167,0,0,0,0
1684869375.5417,0,0,0,0
1684869375.5815,0,0,0,0
1684869375.66302,0,0,0,0
1684869375.70246,0,0,0,0
1684869375.74174,0,0,0,0
1684869375.78208,0,0,0,0
1684869375.82184,0,0,0,0
1684869375.86285,0,0,0,0
1684869375.90149,0,0,0,0
1684869375.94165,0,0,0,0
1684869375.98157,0,0,0,0
1684869376.02199,0,0,0,0
1684869376.06319,0,0,0,0
1684869376.10276,0,0,0,0
1684869376.1421,0,0,0,0
1684869376.18166,0,0,0,0
1684869376.22278,0,0,0,0
1684869376.26259,0,0,0,0
1684869376.3029,0,0,0,0
1684869376.34162,0,0,0,0
1684869376.38173,0,0,0,0
1684869376.4215,0,0,0,0
1684869376.46095,0,0,0,0
1684869376.50318,0,0,0,0
1684869376.54301,0,0,0,0
1684869376.5824,0,0,0,0
1684869376.6218,0,0,0,0
1684869376.66241,0,0,0,0
1684869376.70274,0,0,0,0
1684869376.74254,0,0,0,0
1684869376.78228,0,0,0,0
1684869376.82161,0,0,0,0
1684869376.8614,0,0,0,0
1684869376.90216,0,0,0,0
1684869376.94288,0,0,0,0
1684869376.98272,0,0,0,0
1684869377.02219,0,0,0,0
1684869377.06193,0,0,0,0
1684869377.10157,0,0,0,0
1684869377.14283,0,0,0,0
1684869377.18261,0,0,0,0
1684869377.22214,0,0,0,0
1684869377.26185,0,0,0,0
1684869377.30232,0,0,0,0
1684869377.34198,0,0,0,0
1684869377.38274,0,0,0,0
1684869377.42318,0,0,0,0
1684869377.46234,0,0,0,0
1684869377.50189,0,0,0,0
1684869377.5416,0,0,0,0
1684869377.58154,0,0,0,0
1684869377.6223,0,0,0,0
1684869377.66329,0,0,0,0
1684869377.70178,0,0,0,0
1684869377.74167,0,0,0,0
1684869377.7827,0,0,0,0
1684869377.82319,0,0,0,0
1684869377.86222,0,0,0,0
1684869377.90308,0,0,0,0
1684869377.94159,0,0,0,0
1684869377.98165,0,0,0,0
1684869378.02146,0,0,0,0
1684869378.06229,0,0,0,0
1684869378.10168,0,0,0,0
1684869378.14132,0,0,0,0
1684869378.18129,0,0,0,0
1684869378.22223,0,0,0,0
1684869378.26298,0,0,0,0
1684869378.30277,0,0,0,0
1684869378.34266,0,0,0,0
1684869378.38173,0,0,0,0
1684869378.42158,0,0,0,0
1684869378.46147,0,0,0,0
1684869378.50162,0,0,0,0
1684869378.54216,0,0,0,0
1684869378.58151,0,0,0,0
1684869378.6217,0,0,0,0
1684869378.66214,0,0,0,0
1684869378.70343,0,0,0,0
1684869378.74311,0,0,0,0
1684869378.7825,0,0,0,0
1684869378.82236,0,0,0,0
1684869378.8616,0,0,0,0
1684869378.90147,0,0,0,0
1684869378.94167,0,0,0,0
1684869378.98141,0,0,0,0
1684869379.02096,0,0,0,0
1684869379.06127,0,0,0,0
1684869379.10209,0,0,0,0
1684869379.14219,0,0,0,0
1684869379.1827,0,0,0,0
1684869379.22258,0,0,0,0
1684869379.26238,0,0,0,0
1684869379.30191,0,0,0,0
1684869379.34167,0,0,0,0
1684869379.3817,0,0,0,0
1684869379.42207,0,0,0,0
1684869379.46197,0,0,0,0
1684869379.50218,0,0,0,0
1684869379.54222,0,0,0,0
1684869379.5821,0,0,0,0
1684869379.62242,0,0,0,0
