stamp,altitude,depth,pressure,temperature
1684869329.78149,53.561992645,-0.063757166,100360,18.239999771
1684869329.82162,41.821990967,-0.04981029,100500,18.239999771
1684869329.86321,53.561992645,-0.063757166,100360,18.239999771
1684869329.90272,53.561992645,-0.063757166,100360,18.229999542
1684869329.94203,53.561992645,-0.063757166,100360,18.239999771
1684869329.98209,53.561992645,-0.063757166,100360,18.239999771
1684869330.02168,41.821990967,-0.04981029,100500,18.239999771
1684869330.0629,53.561992645,-0.063757166,100360,18.229999542
1684869330.10222,41.821990967,-0.04981029,100500,18.229999542
1684869330.1419,53.561992645,-0.063757166,100360,18.239999771
1684869330.18163,53.561992645,-0.063757166,100360,18.239999771
1684869330.22161,41.821990967,-0.04981029,100500,18.239999771
1684869330.26114,53.561992645,-0.063757166,100360,18.219999313
1684869330.30249,41.821990967,-0.04981029,100500,18.229999542
1684869330.34299,41.821990967,-0.04981029,100500,18.229999542
1684869330.38268,41.821990967,-0.04981029,100500,18.229999542
1684869330.42153,41.821990967,-0.04981029,100500,18.239999771
1684869330.46161,41.821990967,-0.04981029,100500,18.229999542
1684869330.50208,41.821990967,-0.04981029,100500,18.239999771
1684869330.54274,53.561992645,-0.063757166,100360,18.239999771
1684869330.58202,41.821990967,-0.04981029,100500,18.229999542
1684869330.62194,53.561992645,-0.063757166,100360,18.229999542
1684869330.66165,53.561992645,-0.063757166,100360,18.229999542
1684869330.7024,41.821990967,-0.04981029,100500,18.239999771
1684869330.74787,41.821990967,-0.04981029,100500,18.239999771
1684869330.78314,53.561992645,-0.063757166,100360,18.229999542
1684869330.82273,53.561992645,-0.063757166,100360,18.219999313
1684869330.86204,41.821990967,-0.04981029,100500,18.239999771
1684869330.90179,41.821990967,-0.04981029,100500,18.239999771
1684869330.94248,17.544509888,-0.020920321,100790,18.239999771
1684869330.98304,16.708433151,-0.019924115,100800,18.229999542
1684869331.02263,16.708433151,-0.019924115,100800,18.229999542
1684869331.06136,17.544509888,-0.020920321,100790,18.239999771
1684869331.10166,-7.510106564,0.008965852,101090,18.229999542
1684869331.14164,-7.510106564,0.008965852,101090,18.239999771
1684869331.18206,-19.181962967,0.022912733,101230,18.229999542
1684869331.22294,-31.672456741,0.037855819,101380,18.239999771
1684869331.26263,-31.672456741,0.037855819,101380,18.239999771
1684869331.30264,-31.672456741,0.037855819,101380,18.239999771
1684869331.34209,-44.147994995,0.052798908,101530,18.239999771
1684869331.38154,-55.778903961,0.066745788,101670,18.239999771
1684869331.42167,-68.226638794,0.081688873,101820,18.229999542
1684869331.46223,-68.226638794,0.081688873,101820,18.239999771
1684869331.50148,-79.829742432,0.095635757,101960,18.239999771
1684869331.54194,-92.247825623,0.110578842,102110,18.239999771
1684869331.58201,-104.652145386,0.125521928,102260,18.239999771
1684869331.62248,-104.652145386,0.125521928,102260,18.239999771
1684869331.66302,-128.59072876,0.154411897,102550,18.239999771
1684869331.70284,-104.652145386,0.125521928,102260,18.239999771
1684869331.74264,-128.59072876,0.154411897,102550,18.239999771
1684869331.78223,-128.59072876,0.154411897,102550,18.239999771
1684869331.82139,-152.47454834,0.183301866,102840,18.239999771
1684869331.86152,-164.807571411,0.198244944,102990,18.239999771
1684869331.90139,-164.807571411,0.198244944,102990,18.239999771
1684869331.9442,-176.304885864,0.212191835,103130.0078125,18.239999771
1684869331.98112,-188.608856201,0.227134913,103280.0078125,18.239999771
1684869332.02114,-188.608856201,0.227134913,103280.0078125,18.239999771
1684869332.062,-212.355102539,0.256024897,103569.9921875,18.239999771
1684869332.10186,-200.079055786,0.241081804,103419.9921875,18.239999771
1684869332.14317,-212.355102539,0.256024897,103569.9921875,18.239999771
1684869332.18356,-200.079055786,0.241081804,103419.9921875,18.239999771
1684869332.22259,-224.617736816,0.27096796,103719.9921875,18.239999771
1684869332.26205,-236.049530029,0.284914851,103860,18.239999771
1684869332.30164,-236.049530029,0.284914851,103860,18.239999771
1684869332.34565,-248.283477783,0.299857944,104010,18.239999771
1684869332.38207,-248.283477783,0.299857944,104010,18.219999313
1684869332.42309,-260.503143311,0.314801037,104160,18.229999542
1684869332.4622,-271.895843506,0.328747898,104300,18.239999771
1684869332.50214,-271.895843506,0.328747898,104300,18.239999771
1684869332.54491,-284.089019775,0.343690991,104450,18.239999771
1684869332.58279,-284.089019775,0.343690991,104450,18.239999771
1684869332.62281,-295.456115723,0.357637882,104590,18.229999542
1684869332.66267,-307.620910645,0.372580975,104740,18.239999771
1684869332.70226,-307.620910645,0.372580975,104740,18.219999313
1684869332.74266,-319.771636963,0.387524039,104890,18.229999542
1684869332.78162,-319.771636963,0.387524039,104890,18.239999771
1684869332.82133,-331.100128174,0.401470929,105030.0078125,18.239999771
1684869332.86174,-343.223693848,0.416414022,105180.0078125,18.239999771
1684869332.90265,-354.525939941,0.430360883,105319.9921875,18.239999771
1684869332.94548,-366.623443604,0.445303977,105469.9921875,18.239999771
1684869332.98186,-378.706085205,0.46024707,105619.9921875,18.239999771
1684869333.0215,-389.971160889,0.47419396,105760,18.239999771
1684869333.0629,-402.026977539,0.489137024,105910,18.219999313
1684869333.1028,-414.069946289,0.504080117,106060,18.229999542
1684869333.14275,-425.297210693,0.518027008,106200,18.239999771
1684869333.18222,-437.312561035,0.532970071,106350,18.239999771
1684869333.22171,-437.312561035,0.532970071,106350,18.239999771
1684869333.262,-448.515075684,0.546916962,106490,18.239999771
1684869333.30274,-471.681793213,0.575806916,106780.0078125,18.239999771
1684869333.34422,-483.645294189,0.590750039,106930.0078125,18.239999771
1684869333.38238,-495.594238281,0.605693102,107080.0078125,18.239999771
1684869333.42228,-506.733917236,0.619639993,107219.9921875,18.239999771
1684869333.46174,-529.773010254,0.648529947,107510,18.239999771
1684869333.5017,-553.554138184,0.678416133,107810,18.239999771
1684869333.54352,-576.491210938,0.707306087,108100,18.25
1684869333.58265,-576.491210938,0.707306087,108100,18.239999771
1684869333.62225,-611.197998047,0.751139164,108540,18.239999771
1684869333.66192,-611.197998047,0.751139164,108540,18.25
1684869333.70142,-645.790161133,0.794972241,108980.0078125,18.239999771
1684869333.74266,-668.527893066,0.823862195,109269.9921875,18.239999771
1684869333.78226,-691.21685791,0.852752149,109560,18.25
1684869333.82308,-691.21685791,0.852752149,109560,18.25
1684869333.86239,-736.450195313,0.910532057,110140,18.25
1684869333.90237,-748.116577148,0.92547518,110290,18.25
1684869333.94266,-770.635681152,0.954365134,110580.0078125,18.25
1684869333.98167,-793.107055664,0.983255088,110869.9921875,18.25
1684869334.02177,-816.30267334,1.013141274,111169.9921875,18.25
1684869334.06145,-816.30267334,1.013141274,111169.9921875,18.25
1684869334.10257,-827.110534668,1.027088165,111310,18.25
1684869334.14511,-872.536437988,1.085864305,111900,18.25
1684869334.1821,-883.28717041,1.099811196,112040,18.25
1684869334.22204,-906.287658691,1.129697323,112340,18.25
1684869334.26214,-928.473876953,1.158587337,112630.0078125,18.25
1684869334.30202,-950.612976074,1.18747735,112919.9921875,18.25
1684869334.34247,-972.707946777,1.216367245,113210,18.260000229
1684869334.38212,-994.756164551,1.245257258,113500,18.260000229
1684869334.42166,-1006.142272949,1.260200262,113650,18.260000229
1684869334.4614,-1039.472900391,1.304033399,114090,18.25
1684869334.50134,-1061.383544922,1.332923293,114380.0078125,18.260000229
1684869334.54171,-1116.339111328,1.405646324,115110,18.25
1684869334.58326,-1105.821289063,1.391699433,114969.9921875,18.260000229
1684869334.62176,-1127.597045898,1.420589447,115260,18.260000229
1684869334.66174,-1149.327636719,1.449479461,115550,18.260000229
1684869334.70173,-1171.014160156,1.478369355,115840,18.260000229
1684869334.74381,-1192.656616211,1.507259369,116130.0078125,18.260000229
1684869334.782,-1225.409912109,1.551092386,116569.9921875,18.260000229
1684869334.8217,-1236.552856445,1.566035509,116719.9921875,18.260000229
1684869334.86132,-1236.552856445,1.566035509,116719.9921875,18.260000229
1684869334.90176,-1258.064208984,1.594925404,117010,18.270000458
1684869334.94305,-1290.618286133,1.63875854,117450,18.260000229
1684869334.98293,-1301.694458008,1.653701544,117600,18.260000229
1684869335.02248,-1312.021484375,1.667648435,117740,18.260000229
1684869335.06165,-1344.412353516,1.711481571,118180.0078125,18.260000229
1684869335.10191,-1365.707641602,1.740371466,118469.9921875,18.270000458
1684869335.14268,-1386.96081543,1.769261479,118760,18.260000229
1684869335.18276,-1397.937011719,1.784204602,118910,18.270000458
1684869335.22153,-1419.127441406,1.813094497,119200,18.270000458
1684869335.2613,-1430.070922852,1.82803762,119350,18.270000458
1684869335.30256,-1451.197265625,1.856927633,119640,18.260000229
1684869335.34333,-1451.197265625,1.856927633,119640,18.260000229
1684869335.38202,-1483.172607422,1.900760651,120080.0078125,18.260000229
1684869335.42202,-1515.051513672,1.944593668,120519.9921875,18.270000458
1684869335.46301,-1515.051513672,1.944593668,120519.9921875,18.260000229
1684869335.50263,-1525.175537109,1.958540559,120660,18.260000229
1684869335.54222,-1556.932250977,2.002373695,121100,18.260000229
1684869335.58199,-1577.811401367,2.03126359,121390,18.260000229
1684869335.62265,-1556.932250977,2.002373695,121100,18.260000229
1684869335.66284,-1588.595703125,2.046206713,121540,18.260000229
1684869335.70165,-1588.595703125,2.046206713,121540,18.260000229
1684869335.74198,-1599.368408203,2.061149836,121690,18.260000229
1684869335.78152,-1620.165527344,2.09003973,121980.0078125,18.260000229
1684869335.82171,-1609.413574219,2.075096607,121830.0078125,18.260000229
1684869335.86325,-1630.190551758,2.103986502,122119.9921875,18.260000229
1684869335.90295,-1630.907592773,2.104982853,122130.0078125,18.25
1684869335.94266,-1640.922729492,2.118929625,122269.9921875,18.260000229
1684869336.02318,-1651.643310547,2.133872747,122419.9921875,18.25
1684869336.06251,-1692.998291016,2.191652775,123000,18.25
1684869336.10264,-1661.640014648,2.147819757,122560,18.25
1684869336.1459,-1692.998291016,2.191652775,123000,18.25
1684869336.18153,-1672.340087891,2.162762642,122710,18.239999771
1684869336.22151,-1683.030517578,2.177705765,122860,18.239999771
1684869336.26127,-1683.030517578,2.177705765,122860,18.239999771
1684869336.30208,-1713.616088867,2.220542669,123290,18.239999771
1684869336.34344,-1713.616088867,2.220542669,123290,18.239999771
1684869336.38259,-1713.616088867,2.220542669,123290,18.239999771
1684869336.422,-1703.667358398,2.206595898,123150,18.239999771
1684869336.46151,-1703.667358398,2.206595898,123150,18.239999771
1684869336.50609,-1703.667358398,2.206595898,123150,18.239999771
1684869336.5428,-1703.667358398,2.206595898,123150,18.239999771
1684869336.58227,-1713.616088867,2.220542669,123290,18.239999771
1684869336.62171,-1692.998291016,2.191652775,123000,18.229999542
1684869336.6614,-1692.998291016,2.191652775,123000,18.229999542
1684869336.70213,-1692.998291016,2.191652775,123000,18.229999542
1684869336.74257,-1714.325927734,2.221538782,123300,18.229999542
1684869336.78311,-1703.667358398,2.206595898,123150,18.229999542
1684869336.8224,-1692.998291016,2.191652775,123000,18.219999313
1684869336.86179,-1692.998291016,2.191652775,123000,18.229999542
1684869336.9016,-1703.667358398,2.206595898,123150,18.219999313
1684869336.94315,-1683.030517578,2.177705765,122860,18.219999313
1684869336.98251,-1672.340087891,2.162762642,122710,18.219999313
1684869337.02208,-1703.667358398,2.206595898,123150,18.209999084
1684869337.0614,-1672.340087891,2.162762642,122710,18.219999313
1684869337.10119,-1683.030517578,2.177705765,122860,18.209999084
1684869337.1426,-1683.030517578,2.177705765,122860,18.209999084
1684869337.18277,-1662.353271484,2.14881587,122569.9921875,18.200000763
1684869337.22268,-1651.643310547,2.133872747,122419.9921875,18.200000763
1684869337.2626,-1651.643310547,2.133872747,122419.9921875,18.200000763
1684869337.30229,-1662.353271484,2.14881587,122569.9921875,18.200000763
1684869337.34224,-1662.353271484,2.14881587,122569.9921875,18.200000763
1684869337.38153,-1662.353271484,2.14881587,122569.9921875,18.200000763
1684869337.42154,-1692.998291016,2.191652775,123000,18.200000763
1684869337.46185,-1683.030517578,2.177705765,122860,18.200000763
1684869337.50259,-1651.643310547,2.133872747,122419.9921875,18.190000534
1684869337.54284,-1662.353271484,2.14881587,122569.9921875,18.200000763
1684869337.58235,-1672.340087891,2.162762642,122710,18.190000534
1684869337.62258,-1641.638183594,2.119925976,122280.0078125,18.180000305
1684869337.66226,-1672.340087891,2.162762642,122710,18.180000305
1684869337.70271,-1662.353271484,2.14881587,122569.9921875,18.180000305
1684869337.74259,-1651.643310547,2.133872747,122419.9921875,18.180000305
1684869337.7819,-1630.907592773,2.104982853,122130.0078125,18.180000305
1684869337.82191,-1683.030517578,2.177705765,122860,18.170000076
1684869337.8615,-1641.638183594,2.119925976,122280.0078125,18.180000305
1684869337.90166,-1651.643310547,2.133872747,122419.9921875,18.170000076
1684869337.94182,-1651.643310547,2.133872747,122419.9921875,18.170000076
1684869337.98135,-1641.638183594,2.119925976,122280.0078125,18.170000076
1684869338.02209,-1651.643310547,2.133872747,122419.9921875,18.170000076
1684869338.06191,-1651.643310547,2.133872747,122419.9921875,18.170000076
1684869338.10191,-1641.638183594,2.119925976,122280.0078125,18.149999619
1684869338.14192,-1651.643310547,2.133872747,122419.9921875,18.159999847
1684869338.1826,-1651.643310547,2.133872747,122419.9921875,18.159999847
1684869338.22207,-1662.353271484,2.14881587,122569.9921875,18.159999847
1684869338.26165,-1662.353271484,2.14881587,122569.9921875,18.149999619
1684869338.30168,-1641.638183594,2.119925976,122280.0078125,18.149999619
1684869338.34202,-1672.340087891,2.162762642,122710,18.149999619
1684869338.38191,-1683.030517578,2.177705765,122860,18.149999619
1684869338.42307,-1662.353271484,2.14881587,122569.9921875,18.149999619
1684869338.46267,-1683.030517578,2.177705765,122860,18.149999619
1684869338.50206,-1683.030517578,2.177705765,122860,18.149999619
1684869338.54256,-1683.030517578,2.177705765,122860,18.149999619
1684869338.58237,-1683.030517578,2.177705765,122860,18.149999619
1684869338.62322,-1672.340087891,2.162762642,122710,18.149999619
1684869338.66193,-1662.353271484,2.14881587,122569.9921875,18.149999619
1684869338.70171,-1693.709350586,2.192648888,123010,18.149999619
1684869338.74285,-1662.353271484,2.14881587,122569.9921875,18.149999619
1684869338.78135,-1683.030517578,2.177705765,122860,18.13999939
1684869338.82132,-1683.030517578,2.177705765,122860,18.13999939
1684869338.86124,-1683.030517578,2.177705765,122860,18.13999939
1684869338.90295,-1693.709350586,2.192648888,123010,18.13999939
1684869338.94415,-1641.638183594,2.119925976,122280.0078125,18.13999939
1684869338.98179,-1724.974853516,2.236481905,123450,18.129999161
1684869339.02207,-1683.030517578,2.177705765,122860,18.13999939
1684869339.06208,-1673.053466797,2.163758993,122719.9921875,18.129999161
1684869339.10295,-1714.325927734,2.221538782,123300,18.129999161
1684869339.14193,-1714.325927734,2.221538782,123300,18.129999161
1684869339.18174,-1703.667358398,2.206595898,123150,18.129999161
1684869339.22166,-1693.709350586,2.192648888,123010,18.129999161
1684869339.26227,-1703.667358398,2.206595898,123150,18.129999161
1684869339.30296,-1703.667358398,2.206595898,123150,18.129999161
1684869339.34289,-1714.325927734,2.221538782,123300,18.120000839
1684869339.38158,-1703.667358398,2.206595898,123150,18.120000839
1684869339.42227,-1714.325927734,2.221538782,123300,18.120000839
1684869339.463,-1724.974853516,2.236481905,123450,18.120000839
1684869339.50278,-1724.974853516,2.236481905,123450,18.120000839
1684869339.54267,-1734.904052734,2.250428915,123590,18.120000839
1684869339.58189,-1714.325927734,2.221538782,123300,18.120000839
1684869339.62135,-1714.325927734,2.221538782,123300,18.120000839
1684869339.66112,-1693.709350586,2.192648888,123010,18.120000839
1684869339.70119,-1714.325927734,2.221538782,123300,18.11000061
1684869339.74382,-1734.904052734,2.250428915,123590,18.11000061
1684869339.78257,-1714.325927734,2.221538782,123300,18.11000061
1684869339.82192,-1734.904052734,2.250428915,123590,18.11000061
1684869339.86145,-1703.667358398,2.206595898,123150,18.11000061
1684869339.90248,-1714.325927734,2.221538782,123300,18.11000061
1684869339.94336,-1734.904052734,2.250428915,123590,18.11000061
1684869339.98261,-1714.325927734,2.221538782,123300,18.11000061
1684869340.02232,-1734.904052734,2.250428915,123590,18.11000061
1684869340.0615,-1724.974853516,2.236481905,123450,18.11000061
1684869340.10221,-1714.325927734,2.221538782,123300,18.11000061
1684869340.14609,-1745.531860352,2.265372038,123740,18.11000061
1684869340.18348,-1734.904052734,2.250428915,123590,18.11000061
1684869340.22259,-1734.904052734,2.250428915,123590,18.11000061
1684869340.26205,-1734.904052734,2.250428915,123590,18.11000061
1684869340.30163,-1724.974853516,2.236481905,123450,18.11000061
1684869340.34212,-1724.974853516,2.236481905,123450,18.11000061
1684869340.38315,-1734.904052734,2.250428915,123590,18.11000061
1684869340.42239,-1724.974853516,2.236481905,123450,18.11000061
1684869340.46188,-1724.974853516,2.236481905,123450,18.11000061
1684869340.50177,-1714.325927734,2.221538782,123300,18.11000061
1684869340.54155,-1724.974853516,2.236481905,123450,18.11000061
1684869340.58202,-1734.904052734,2.250428915,123590,18.100000381
1684869340.62251,-1724.974853516,2.236481905,123450,18.100000381
1684869340.66258,-1734.904052734,2.250428915,123590,18.11000061
1684869340.70213,-1704.377807617,2.20759201,123160,18.11000061
1684869340.74202,-1704.377807617,2.20759201,123160,18.11000061
1684869340.78166,-1704.377807617,2.20759201,123160,18.100000381
1684869340.82151,-1714.325927734,2.221538782,123300,18.100000381
1684869340.86173,-1714.325927734,2.221538782,123300,18.100000381
1684869340.90251,-1745.531860352,2.265372038,123740,18.100000381
1684869340.94186,-1693.709350586,2.192648888,123010,18.090000153
1684869340.98188,-1714.325927734,2.221538782,123300,18.090000153
1684869341.02276,-1704.377807617,2.20759201,123160,18.100000381
1684869341.06237,-1683.030517578,2.177705765,122860,18.100000381
1684869341.10306,-1683.030517578,2.177705765,122860,18.090000153
1684869341.14257,-1662.353271484,2.14881587,122569.9921875,18.100000381
1684869341.18178,-1662.353271484,2.14881587,122569.9921875,18.100000381
1684869341.22183,-1652.358032227,2.134869099,122430.0078125,18.100000381
1684869341.26168,-1652.358032227,2.134869099,122430.0078125,18.100000381
1684869341.30188,-1630.907592773,2.104982853,122130.0078125,18.100000381
1684869341.34165,-1630.907592773,2.104982853,122130.0078125,18.090000153
1684869341.38332,-1600.085693359,2.062145948,121700,18.090000153
1684869341.42243,-1610.130249023,2.076092958,121840,18.100000381
1684869341.46211,-1589.313720703,2.047202826,121550,18.090000153
1684869341.50247,-1547.558837891,1.989422917,120969.9921875,18.090000153
1684869341.54223,-1557.65246582,2.003369808,121110,18.090000153
1684869341.58191,-1525.898803711,1.959536791,120669.9921875,18.090000153
1684869341.62193,-1515.776245117,1.9455899,120530.0078125,18.090000153
1684869341.66261,-1504.918701172,1.930646777,120380.0078125,18.090000153
1684869341.70158,-1473.008911133,1.88681376,119940,18.090000153
1684869341.74181,-1441.003295898,1.842980742,119500,18.090000153
1684869341.7817,-1419.856933594,1.814090729,119210,18.090000153
1684869341.82269,-1441.003295898,1.842980742,119500,18.090000153
1684869341.86257,-1387.692382813,1.770257711,118769.9921875,18.090000153
1684869341.90208,-1366.441650391,1.741367698,118480.0078125,18.090000153
1684869341.94208,-1366.441650391,1.741367698,118480.0078125,18.090000153
1684869341.98219,-1345.147705078,1.712477684,118190,18.090000153
1684869342.02272,-1334.116455078,1.69753468,118040,18.090000153
1684869342.06265,-1334.116455078,1.69753468,118040,18.090000153
1684869342.10182,-1312.758178711,1.668644667,117750,18.090000153
1684869342.1418,-1291.357421875,1.639754772,117460,18.090000153
1684869342.18156,-1291.357421875,1.639754772,117460,18.090000153
1684869342.22126,-1258.8046875,1.595921636,117019.9921875,18.090000153
1684869342.26154,-1258.8046875,1.595921636,117019.9921875,18.090000153
1684869342.30284,-1204.578857422,1.523198605,116290,18.079999924
1684869342.3425,-1258.8046875,1.595921636,117019.9921875,18.090000153
1684869342.3819,-1215.744262695,1.538141727,116440,18.090000153
1684869342.42169,-1215.744262695,1.538141727,116440,18.090000153
1684869342.4619,-1215.744262695,1.538141727,116440,18.090000153
1684869342.50294,-1182.960449219,1.49430871,116000,18.090000153
1684869342.54229,-1182.960449219,1.49430871,116000,18.090000153
1684869342.58175,-1182.960449219,1.49430871,116000,18.090000153
1684869342.62182,-1171.76159668,1.479365587,115850,18.079999924
1684869342.66181,-1139.591064453,1.436528683,115419.9921875,18.079999924
1684869342.70309,-1161.298217773,1.465418696,115710,18.090000153
1684869342.74332,-1128.346679688,1.421585679,115269.9921875,18.090000153
1684869342.78291,-1117.090332031,1.406642556,115119.9921875,18.090000153
1684869342.82199,-1117.090332031,1.406642556,115119.9921875,18.090000153
1684869342.86203,-1128.346679688,1.421585679,115269.9921875,18.090000153
1684869342.90292,-1117.090332031,1.406642556,115119.9921875,18.090000153
1684869342.94297,-1106.57421875,1.392695665,114980.0078125,18.090000153
1684869342.98269,-1106.57421875,1.392695665,114980.0078125,18.090000153
1684869343.02175,-1117.090332031,1.406642556,115119.9921875,18.090000153
1684869343.06168,-1106.57421875,1.392695665,114980.0078125,18.090000153
1684869343.10151,-1095.294067383,1.377752542,114830.0078125,18.090000153
1684869343.14209,-1084.002807617,1.362809539,114680.0078125,18.090000153
1684869343.18319,-1128.346679688,1.421585679,115269.9921875,18.090000153
1684869343.22284,-1095.294067383,1.377752542,114830.0078125,18.100000381
1684869343.26232,-1073.45300293,1.348862648,114540,18.100000381
1684869343.30168,-1095.294067383,1.377752542,114830.0078125,18.100000381
1684869343.34228,-1073.45300293,1.348862648,114540,18.100000381
1684869343.38252,-1084.002807617,1.362809539,114680.0078125,18.100000381
1684869343.42236,-1073.45300293,1.348862648,114540,18.100000381
1684869343.46199,-1084.002807617,1.362809539,114680.0078125,18.100000381
1684869343.50157,-1073.45300293,1.348862648,114540,18.11000061
1684869343.54222,-1073.45300293,1.348862648,114540,18.11000061
1684869343.58257,-1073.45300293,1.348862648,114540,18.11000061
1684869343.62386,-1084.002807617,1.362809539,114680.0078125,18.11000061
1684869343.66256,-1084.002807617,1.362809539,114680.0078125,18.11000061
1684869343.70217,-1084.002807617,1.362809539,114680.0078125,18.11000061
1684869343.74182,-1084.755493164,1.363805771,114690,18.069999695
1684869343.78137,-1084.002807617,1.362809539,114680.0078125,18.090000153
1684869343.82185,-1084.002807617,1.362809539,114680.0078125,18.100000381
1684869343.86223,-1062.138671875,1.333919525,114390,18.11000061
1684869343.90195,-1095.294067383,1.377752542,114830.0078125,18.11000061
1684869343.94127,-1051.567260742,1.319972634,114250,18.11000061
1684869343.98131,-1040.228759766,1.305029631,114100,18.11000061
1684869344.02207,-1050.811401367,1.318976402,114240,18.11000061
1684869344.06263,-1050.811401367,1.318976402,114240,18.11000061
1684869344.10271,-1040.228759766,1.305029631,114100,18.11000061
1684869344.14245,-1050.811401367,1.318976402,114240,18.11000061
1684869344.18203,-1040.228759766,1.305029631,114100,18.120000839
1684869344.22179,-1050.811401367,1.318976402,114240,18.120000839
1684869344.26162,-1050.811401367,1.318976402,114240,18.120000839
1684869344.30192,-1062.138671875,1.333919525,114390,18.120000839
1684869344.34175,-1018.274536133,1.276139617,113810,18.129999161
1684869344.38299,-1040.228759766,1.305029631,114100,18.129999161
1684869344.4219,-1028.87902832,1.290086508,113950,18.11000061
1684869344.46213,-1018.274536133,1.276139617,113810,18.120000839
1684869344.50189,-1028.87902832,1.290086508,113950,18.129999161
1684869344.54242,-1018.274536133,1.276139617,113810,18.129999161
1684869344.58197,-1018.274536133,1.276139617,113810,18.129999161
1684869344.62195,-1017.517150879,1.275143385,113800,18.13999939
1684869344.66214,-1017.517150879,1.275143385,113800,18.13999939
1684869344.70165,-1017.517150879,1.275143385,113800,18.13999939
1684869344.74139,-1028.87902832,1.290086508,113950,18.13999939
1684869344.78107,-984.877380371,1.2323066,113369.9921875,18.13999939
1684869344.82313,-1006.901367188,1.261196494,113660,18.13999939
1684869344.86242,-995.515136719,1.24625349,113510,18.13999939
1684869344.90235,-995.515136719,1.24625349,113510,18.149999619
1684869344.94252,-973.468444824,1.217363477,113219.9921875,18.149999619
1684869344.98215,-973.468444824,1.217363477,113219.9921875,18.149999619
1684869345.02273,-1006.901367188,1.261196494,113660,18.149999619
1684869345.06171,-1006.901367188,1.261196494,113660,18.149999619
1684869345.10158,-973.468444824,1.217363477,113219.9921875,18.149999619
1684869345.14187,-939.931152344,1.173530459,112780.0078125,18.149999619
1684869345.1828,-962.047302246,1.202420354,113069.9921875,18.149999619
1684869345.22252,-962.047302246,1.202420354,113069.9921875,18.149999619
1684869345.26272,-951.376953125,1.188473463,112930.0078125,18.149999619
1684869345.30229,-951.376953125,1.188473463,112930.0078125,18.149999619
1684869345.34228,-939.931152344,1.173530459,112780.0078125,18.149999619
1684869345.38241,-929.238525391,1.159583569,112640,18.149999619
1684869345.42262,-928.473876953,1.158587337,112630.0078125,18.159999847
1684869345.46296,-939.931152344,1.173530459,112780.0078125,18.149999619
1684869345.50194,-917.768859863,1.144640446,112490,18.159999847
1684869345.54174,-906.287658691,1.129697323,112340,18.159999847
1684869345.58155,-895.560241699,1.115750432,112200,18.159999847
1684869345.62105,-906.287658691,1.129697323,112340,18.159999847
1684869345.6613,-906.287658691,1.129697323,112340,18.159999847
1684869345.70245,-895.560241699,1.115750432,112200,18.159999847
1684869345.74258,-895.560241699,1.115750432,112200,18.159999847
1684869345.78202,-861.774841309,1.071917415,111760,18.159999847
1684869345.82207,-917.768859863,1.144640446,112490,18.159999847
1684869345.86225,-917.768859863,1.144640446,112490,18.159999847
1684869345.90291,-906.287658691,1.129697323,112340,18.159999847
1684869345.94309,-872.536437988,1.085864305,111900,18.170000076
1684869345.98141,-872.536437988,1.085864305,111900,18.159999847
1684869346.0218,-872.536437988,1.085864305,111900,18.170000076
1684869346.06165,-895.560241699,1.115750432,112200,18.170000076
1684869346.10221,-861.774841309,1.071917415,111760,18.170000076
1684869346.14282,-861.774841309,1.071917415,111760,18.170000076
1684869346.18259,-884.055053711,1.100807428,112050,18.170000076
1684869346.22227,-850.232910156,1.056974292,111610,18.180000305
1684869346.2616,-850.232910156,1.056974292,111610,18.180000305
1684869346.30324,-861.774841309,1.071917415,111760,18.170000076
1684869346.3428,-850.232910156,1.056974292,111610,18.180000305
1684869346.3824,-838.678466797,1.042031288,111460,18.180000305
1684869346.42221,-838.678466797,1.042031288,111460,18.180000305
1684869346.46147,-827.882446289,1.028084397,111319.9921875,18.180000305
1684869346.50131,-850.232910156,1.056974292,111610,18.180000305
1684869346.54205,-827.882446289,1.028084397,111319.9921875,18.180000305
1684869346.58302,-816.30267334,1.013141274,111169.9921875,18.180000305
1684869346.62293,-816.30267334,1.013141274,111169.9921875,18.180000305
1684869346.66246,-816.30267334,1.013141274,111169.9921875,18.180000305
1684869346.70213,-838.678466797,1.042031288,111460,18.180000305
1684869346.74162,-827.882446289,1.028084397,111319.9921875,18.180000305
1684869346.78277,-838.678466797,1.042031288,111460,18.180000305
1684869346.8228,-793.881469727,0.98425132,110880.0078125,18.190000534
1684869346.86235,-827.882446289,1.028084397,111319.9921875,18.190000534
1684869346.9021,-838.678466797,1.042031288,111460,18.190000534
1684869346.94156,-805.484802246,0.999194384,111030.0078125,18.180000305
1684869346.98233,-838.678466797,1.042031288,111460,18.190000534
1684869347.02243,-872.536437988,1.085864305,111900,18.190000534
1684869347.06315,-816.30267334,1.013141274,111169.9921875,18.190000534
1684869347.10248,-827.882446289,1.028084397,111319.9921875,18.190000534
1684869347.14195,-816.30267334,1.013141274,111169.9921875,18.200000763
1684869347.18197,-838.678466797,1.042031288,111460,18.190000534
1684869347.22154,-793.881469727,0.98425132,110880.0078125,18.190000534
1684869347.2616,-816.30267334,1.013141274,111169.9921875,18.190000534
1684869347.3023,-816.30267334,1.013141274,111169.9921875,18.190000534
1684869347.34321,-816.30267334,1.013141274,111169.9921875,18.200000763
1684869347.38118,-805.484802246,0.999194384,111030.0078125,18.200000763
1684869347.42121,-805.484802246,0.999194384,111030.0078125,18.200000763
1684869347.46212,-793.881469727,0.98425132,110880.0078125,18.190000534
1684869347.50208,-816.30267334,1.013141274,111169.9921875,18.190000534
1684869347.54268,-771.411743164,0.955361366,110590,18.200000763
1684869347.58269,-816.30267334,1.013141274,111169.9921875,18.190000534
1684869347.62206,-782.265441895,0.969308197,110730.0078125,18.200000763
1684869347.66222,-816.30267334,1.013141274,111169.9921875,18.200000763
1684869347.70197,-793.881469727,0.98425132,110880.0078125,18.200000763
1684869347.74197,-816.30267334,1.013141274,111169.9921875,18.200000763
1684869347.78217,-816.30267334,1.013141274,111169.9921875,18.200000763
1684869347.82242,-793.881469727,0.98425132,110880.0078125,18.200000763
1684869347.86244,-816.30267334,1.013141274,111169.9921875,18.200000763
1684869347.90229,-838.678466797,1.042031288,111460,18.200000763
1684869347.94234,-827.882446289,1.028084397,111319.9921875,18.200000763
1684869347.98293,-804.711181641,0.998198211,111019.9921875,18.200000763
1684869348.02225,-816.30267334,1.013141274,111169.9921875,18.200000763
1684869348.06169,-793.881469727,0.98425132,110880.0078125,18.200000763
1684869348.10181,-804.711181641,0.998198211,111019.9921875,18.200000763
1684869348.14181,-782.265441895,0.969308197,110730.0078125,18.200000763
1684869348.18164,-816.30267334,1.013141274,111169.9921875,18.200000763
1684869348.22124,-827.882446289,1.028084397,111319.9921875,18.200000763
1684869348.26284,-793.881469727,0.98425132,110880.0078125,18.200000763
1684869348.30282,-793.881469727,0.98425132,110880.0078125,18.200000763
1684869348.34209,-838.678466797,1.042031288,111460,18.200000763
1684869348.38233,-804.711181641,0.998198211,111019.9921875,18.200000763
1684869348.42196,-804.711181641,0.998198211,111019.9921875,18.200000763
1684869348.46436,-838.678466797,1.042031288,111460,18.200000763
1684869348.50216,-850.232910156,1.056974292,111610,18.200000763
1684869348.54138,-838.678466797,1.042031288,111460,18.209999084
1684869348.5817,-816.30267334,1.013141274,111169.9921875,18.200000763
1684869348.62168,-816.30267334,1.013141274,111169.9921875,18.209999084
1684869348.6622,-838.678466797,1.042031288,111460,18.200000763
1684869348.7029,-850.232910156,1.056974292,111610,18.209999084
1684869348.74237,-816.30267334,1.013141274,111169.9921875,18.209999084
1684869348.78177,-850.232910156,1.056974292,111610,18.209999084
1684869348.8223,-827.882446289,1.028084397,111319.9921875,18.209999084
1684869348.86299,-861.006225586,1.070921183,111750,18.209999084
1684869348.90254,-850.232910156,1.056974292,111610,18.209999084
1684869348.94148,-827.882446289,1.028084397,111319.9921875,18.219999313
1684869348.98153,-884.055053711,1.100807428,112050,18.219999313
1684869349.02149,-850.232910156,1.056974292,111610,18.219999313
1684869349.0618,-850.232910156,1.056974292,111610,18.219999313
1684869349.10161,-884.055053711,1.100807428,112050,18.219999313
1684869349.14268,-861.006225586,1.070921183,111750,18.209999084
1684869349.18282,-906.287658691,1.129697323,112340,18.219999313
1684869349.22219,-906.287658691,1.129697323,112340,18.219999313
1684869349.26175,-906.287658691,1.129697323,112340,18.219999313
1684869349.30266,-884.055053711,1.100807428,112050,18.219999313
1684869349.34294,-906.287658691,1.129697323,112340,18.219999313
1684869349.38256,-894.794128418,1.114754319,112190,18.219999313
1684869349.42146,-884.055053711,1.100807428,112050,18.219999313
1684869349.46179,-894.794128418,1.114754319,112190,18.219999313
1684869349.50183,-906.287658691,1.129697323,112340,18.219999313
1684869349.54281,-884.055053711,1.100807428,112050,18.219999313
1684869349.58307,-906.287658691,1.129697323,112340,18.219999313
1684869349.62254,-894.794128418,1.114754319,112190,18.219999313
1684869349.66177,-928.473876953,1.158587337,112630.0078125,18.219999313
1684869349.70259,-917.004333496,1.143644214,112480.0078125,18.219999313
1684869349.74282,-917.004333496,1.143644214,112480.0078125,18.219999313
1684869349.78264,-939.931152344,1.173530459,112780.0078125,18.219999313
1684869349.82261,-928.473876953,1.158587337,112630.0078125,18.229999542
1684869349.86179,-928.473876953,1.158587337,112630.0078125,18.229999542
1684869349.90163,-894.794128418,1.114754319,112190,18.219999313
1684869349.9413,-917.004333496,1.143644214,112480.0078125,18.219999313
1684869349.98204,-917.004333496,1.143644214,112480.0078125,18.219999313
1684869350.02359,-917.004333496,1.143644214,112480.0078125,18.219999313
1684869350.06269,-928.473876953,1.158587337,112630.0078125,18.229999542
1684869350.1024,-950.612976074,1.18747735,112919.9921875,18.229999542
1684869350.14188,-939.931152344,1.173530459,112780.0078125,18.229999542
1684869350.18196,-894.794128418,1.114754319,112190,18.229999542
1684869350.22273,-917.004333496,1.143644214,112480.0078125,18.229999542
1684869350.26242,-928.473876953,1.158587337,112630.0078125,18.229999542
1684869350.30232,-894.794128418,1.114754319,112190,18.229999542
1684869350.34191,-928.473876953,1.158587337,112630.0078125,18.219999313
1684869350.38156,-928.473876953,1.158587337,112630.0078125,18.229999542
1684869350.4227,-950.612976074,1.18747735,112919.9921875,18.229999542
1684869350.46261,-928.473876953,1.158587337,112630.0078125,18.229999542
1684869350.50283,-928.473876953,1.158587337,112630.0078125,18.229999542
1684869350.54246,-962.047302246,1.202420354,113069.9921875,18.229999542
1684869350.58209,-939.931152344,1.173530459,112780.0078125,18.219999313
1684869350.62176,-950.612976074,1.18747735,112919.9921875,18.229999542
1684869350.66298,-950.612976074,1.18747735,112919.9921875,18.219999313
1684869350.70138,-950.612976074,1.18747735,112919.9921875,18.219999313
1684869350.74222,-950.612976074,1.18747735,112919.9921875,18.219999313
1684869350.78244,-939.931152344,1.173530459,112780.0078125,18.229999542
1684869350.82123,-917.004333496,1.143644214,112480.0078125,18.229999542
1684869350.86217,-928.473876953,1.158587337,112630.0078125,18.229999542
1684869350.90207,-939.931152344,1.173530459,112780.0078125,18.229999542
1684869350.94274,-962.047302246,1.202420354,113069.9921875,18.229999542
1684869350.98254,-972.707946777,1.216367245,113210,18.239999771
1684869351.02227,-939.931152344,1.173530459,112780.0078125,18.229999542
1684869351.06187,-950.612976074,1.18747735,112919.9921875,18.229999542
1684869351.10161,-939.931152344,1.173530459,112780.0078125,18.229999542
1684869351.14172,-962.047302246,1.202420354,113069.9921875,18.229999542
1684869351.18211,-984.117675781,1.231310368,113360,18.229999542
1684869351.22234,-962.047302246,1.202420354,113069.9921875,18.229999542
1684869351.2619,-1006.142272949,1.260200262,113650,18.229999542
1684869351.30215,-995.515136719,1.24625349,113510,18.239999771
1684869351.34211,-1017.517150879,1.275143385,113800,18.229999542
1684869351.38291,-1017.517150879,1.275143385,113800,18.229999542
1684869351.42226,-1050.811401367,1.318976402,114240,18.229999542
1684869351.46193,-1061.383544922,1.332923293,114380.0078125,18.229999542
1684869351.50165,-1061.383544922,1.332923293,114380.0078125,18.229999542
1684869351.54171,-1084.002807617,1.362809539,114680.0078125,18.209999084
1684869351.58181,-1094.541259766,1.37675643,114819.9921875,18.219999313
1684869351.62126,-1116.339111328,1.405646324,115110,18.229999542
1684869351.66261,-1127.597045898,1.420589447,115260,18.229999542
1684869351.70225,-1149.327636719,1.449479461,115550,18.229999542
1684869351.74259,-1160.550048828,1.464422464,115700,18.239999771
1684869351.78281,-1193.402587891,1.508255601,116140,18.239999771
1684869351.82237,-1225.409912109,1.551092386,116569.9921875,18.239999771
1684869351.86212,-1247.684936523,1.580978632,116869.9921875,18.239999771
1684869351.90199,-1214.99987793,1.537145495,116430.0078125,18.239999771
1684869351.94239,-1247.684936523,1.580978632,116869.9921875,18.229999542
1684869351.98185,-1312.021484375,1.667648435,117740,18.229999542
1684869352.02178,-1290.618286133,1.63875854,117450,18.239999771
1684869352.06207,-1323.074584961,1.682591558,117890,18.229999542
1684869352.10278,-1334.116455078,1.69753468,118040,18.229999542
1684869352.14269,-1344.412353516,1.711481571,118180.0078125,18.239999771
1684869352.18276,-1376.705688477,1.755314589,118619.9921875,18.229999542
1684869352.22235,-1355.432983398,1.726424575,118330.0078125,18.239999771
1684869352.26265,-1355.432983398,1.726424575,118330.0078125,18.239999771
1684869352.30296,-1397.937011719,1.784204602,118910,18.229999542
1684869352.34287,-1397.937011719,1.784204602,118910,18.229999542
1684869352.38195,-1451.197265625,1.856927633,119640,18.229999542
1684869352.42161,-1441.003295898,1.842980742,119500,18.229999542
1684869352.46131,-1430.070922852,1.82803762,119350,18.229999542
1684869352.50102,-1451.197265625,1.856927633,119640,18.229999542
1684869352.54198,-1451.197265625,1.856927633,119640,18.229999542
1684869352.58308,-1473.008911133,1.88681376,119940,18.219999313
1684869352.62188,-1504.194213867,1.929650545,120369.9921875,18.219999313
1684869352.66191,-1525.898803711,1.959536791,120669.9921875,18.219999313
1684869352.70189,-1494.051147461,1.915703773,120230.0078125,18.209999084
1684869352.74244,-1536.012695313,1.973483682,120810,18.209999084
1684869352.78334,-1525.898803711,1.959536791,120669.9921875,18.219999313
1684869352.82244,-1525.898803711,1.959536791,120669.9921875,18.219999313
1684869352.86129,-1525.898803711,1.959536791,120669.9921875,18.219999313
1684869352.90165,-1556.932250977,2.002373695,121100,18.209999084
1684869352.94226,-1556.932250977,2.002373695,121100,18.219999313
1684869352.98327,-1556.932250977,2.002373695,121100,18.209999084
1684869353.02291,-1567.736572266,2.017316818,121250,18.209999084
1684869353.06248,-1567.736572266,2.017316818,121250,18.209999084
1684869353.10168,-1578.531005859,2.032259703,121400,18.200000763
1684869353.14219,-1556.932250977,2.002373695,121100,18.209999084
1684869353.18314,-1578.531005859,2.032259703,121400,18.200000763
1684869353.22249,-1567.736572266,2.017316818,121250,18.200000763
1684869353.26197,-1536.012695313,1.973483682,120810,18.190000534
1684869353.30135,-1578.531005859,2.032259703,121400,18.200000763
1684869353.34113,-1567.736572266,2.017316818,121250,18.200000763
1684869353.38228,-1578.531005859,2.032259703,121400,18.200000763
1684869353.42277,-1578.531005859,2.032259703,121400,18.200000763
1684869353.4628,-1567.736572266,2.017316818,121250,18.200000763
1684869353.50246,-1567.736572266,2.017316818,121250,18.190000534
1684869353.542,-1588.595703125,2.046206713,121540,18.190000534
1684869353.58386,-1588.595703125,2.046206713,121540,18.190000534
1684869353.62274,-1599.368408203,2.061149836,121690,18.190000534
1684869353.66343,-1578.531005859,2.032259703,121400,18.190000534
1684869353.70225,-1578.531005859,2.032259703,121400,18.180000305
1684869353.74196,-1588.595703125,2.046206713,121540,18.180000305
1684869353.78439,-1546.838012695,1.988426685,120960,18.180000305
1684869353.82259,-1589.313720703,2.047202826,121550,18.170000076
1684869353.86325,-1589.313720703,2.047202826,121550,18.170000076
1684869353.90308,-1589.313720703,2.047202826,121550,18.170000076
1684869353.94218,-1620.165527344,2.09003973,121980.0078125,18.170000076
1684869353.98364,-1589.313720703,2.047202826,121550,18.170000076
1684869354.02144,-1599.368408203,2.061149836,121690,18.159999847
1684869354.06251,-1589.313720703,2.047202826,121550,18.159999847
1684869354.10251,-1610.130249023,2.076092958,121840,18.159999847
1684869354.14206,-1599.368408203,2.061149836,121690,18.170000076
1684869354.18255,-1610.130249023,2.076092958,121840,18.159999847
1684869354.22145,-1620.165527344,2.09003973,121980.0078125,18.149999619
1684869354.26114,-1620.165527344,2.09003973,121980.0078125,18.159999847
1684869354.30257,-1599.368408203,2.061149836,121690,18.149999619
1684869354.34252,-1610.130249023,2.076092958,121840,18.149999619
1684869354.38397,-1610.130249023,2.076092958,121840,18.149999619
1684869354.42212,-1630.907592773,2.104982853,122130.0078125,18.149999619
1684869354.46172,-1630.907592773,2.104982853,122130.0078125,18.149999619
1684869354.50135,-1630.907592773,2.104982853,122130.0078125,18.149999619
1684869354.54164,-1620.165527344,2.09003973,121980.0078125,18.149999619
1684869354.58498,-1651.643310547,2.133872747,122419.9921875,18.149999619
1684869354.622,-1641.638183594,2.119925976,122280.0078125,18.149999619
1684869354.66203,-1641.638183594,2.119925976,122280.0078125,18.149999619
1684869354.70271,-1662.353271484,2.14881587,122569.9921875,18.149999619
1684869354.74321,-1672.340087891,2.162762642,122710,18.149999619
1684869354.78315,-1641.638183594,2.119925976,122280.0078125,18.149999619
1684869354.82265,-1683.030517578,2.177705765,122860,18.149999619
1684869354.86178,-1651.643310547,2.133872747,122419.9921875,18.149999619
1684869354.90127,-1673.053466797,2.163758993,122719.9921875,18.13999939
1684869354.94115,-1693.709350586,2.192648888,123010,18.13999939
1684869354.98631,-1693.709350586,2.192648888,123010,18.149999619
1684869355.02237,-1651.643310547,2.133872747,122419.9921875,18.13999939
1684869355.06169,-1693.709350586,2.192648888,123010,18.13999939
1684869355.101,-1724.974853516,2.236481905,123450,18.13999939
1684869355.14187,-1683.030517578,2.177705765,122860,18.129999161
1684869355.18305,-1673.053466797,2.163758993,122719.9921875,18.13999939
1684869355.22213,-1703.667358398,2.206595898,123150,18.129999161
1684869355.26282,-1734.904052734,2.250428915,123590,18.129999161
1684869355.30286,-1714.325927734,2.221538782,123300,18.129999161
1684869355.34143,-1703.667358398,2.206595898,123150,18.129999161
1684869355.38509,-1724.974853516,2.236481905,123450,18.120000839
1684869355.4218,-1703.667358398,2.206595898,123150,18.129999161
1684869355.46216,-1703.667358398,2.206595898,123150,18.129999161
1684869355.50237,-1703.667358398,2.206595898,123150,18.129999161
1684869355.54188,-1703.667358398,2.206595898,123150,18.120000839
1684869355.58227,-1703.667358398,2.206595898,123150,18.120000839
1684869355.62274,-1693.709350586,2.192648888,123010,18.120000839
1684869355.66295,-1714.325927734,2.221538782,123300,18.120000839
1684869355.70255,-1714.325927734,2.221538782,123300,18.120000839
1684869355.74273,-1734.904052734,2.250428915,123590,18.120000839
1684869355.78586,-1703.667358398,2.206595898,123150,18.11000061
1684869355.82173,-1714.325927734,2.221538782,123300,18.120000839
1684869355.86186,-1703.667358398,2.206595898,123150,18.120000839
1684869355.90135,-1693.709350586,2.192648888,123010,18.120000839
1684869355.94295,-1703.667358398,2.206595898,123150,18.11000061
1684869355.98521,-1673.053466797,2.163758993,122719.9921875,18.11000061
1684869356.02209,-1714.325927734,2.221538782,123300,18.120000839
1684869356.06178,-1703.667358398,2.206595898,123150,18.11000061
1684869356.10176,-1693.709350586,2.192648888,123010,18.11000061
1684869356.14263,-1683.030517578,2.177705765,122860,18.11000061
1684869356.18305,-1683.030517578,2.177705765,122860,18.11000061
1684869356.22235,-1683.030517578,2.177705765,122860,18.11000061
1684869356.26175,-1651.643310547,2.133872747,122419.9921875,18.11000061
1684869356.30144,-1651.643310547,2.133872747,122419.9921875,18.11000061
1684869356.34139,-1673.053466797,2.163758993,122719.9921875,18.11000061
1684869356.38314,-1683.030517578,2.177705765,122860,18.11000061
1684869356.42288,-1683.030517578,2.177705765,122860,18.11000061
1684869356.4624,-1651.643310547,2.133872747,122419.9921875,18.11000061
1684869356.50168,-1673.053466797,2.163758993,122719.9921875,18.11000061
1684869356.54153,-1683.030517578,2.177705765,122860,18.100000381
1684869356.58304,-1662.353271484,2.14881587,122569.9921875,18.11000061
1684869356.62263,-1630.907592773,2.104982853,122130.0078125,18.11000061
1684869356.6628,-1641.638183594,2.119925976,122280.0078125,18.11000061
1684869356.702,-1630.907592773,2.104982853,122130.0078125,18.11000061
1684869356.74163,-1620.882324219,2.091035843,121990,18.090000153
1684869356.78162,-1630.907592773,2.104982853,122130.0078125,18.100000381
1684869356.822,-1610.130249023,2.076092958,121840,18.090000153
1684869356.8631,-1630.907592773,2.104982853,122130.0078125,18.100000381
1684869356.90292,-1641.638183594,2.119925976,122280.0078125,18.090000153
1684869356.94259,-1610.130249023,2.076092958,121840,18.100000381
1684869356.98497,-1641.638183594,2.119925976,122280.0078125,18.090000153
1684869357.02166,-1620.882324219,2.091035843,121990,18.090000153
1684869357.06211,-1620.882324219,2.091035843,121990,18.090000153
1684869357.10253,-1630.907592773,2.104982853,122130.0078125,18.100000381
1684869357.14228,-1630.907592773,2.104982853,122130.0078125,18.090000153
1684869357.18308,-1630.907592773,2.104982853,122130.0078125,18.090000153
1684869357.22176,-1630.907592773,2.104982853,122130.0078125,18.090000153
1684869357.26255,-1610.130249023,2.076092958,121840,18.090000153
1684869357.30243,-1620.882324219,2.091035843,121990,18.090000153
1684869357.34268,-1630.907592773,2.104982853,122130.0078125,18.090000153
1684869357.38274,-1630.907592773,2.104982853,122130.0078125,18.090000153
1684869357.42224,-1652.358032227,2.134869099,122430.0078125,18.079999924
1684869357.46206,-1620.882324219,2.091035843,121990,18.090000153
1684869357.50144,-1630.907592773,2.104982853,122130.0078125,18.079999924
1684869357.54161,-1641.638183594,2.119925976,122280.0078125,18.090000153
1684869357.58169,-1620.882324219,2.091035843,121990,18.090000153
1684869357.62282,-1620.882324219,2.091035843,121990,18.079999924
1684869357.66121,-1652.358032227,2.134869099,122430.0078125,18.079999924
1684869357.70128,-1630.907592773,2.104982853,122130.0078125,18.079999924
1684869357.74199,-1652.358032227,2.134869099,122430.0078125,18.079999924
1684869357.78247,-1630.907592773,2.104982853,122130.0078125,18.079999924
1684869357.82274,-1652.358032227,2.134869099,122430.0078125,18.079999924
1684869357.86249,-1652.358032227,2.134869099,122430.0078125,18.079999924
1684869357.90218,-1630.907592773,2.104982853,122130.0078125,18.079999924
1684869357.94232,-1662.353271484,2.14881587,122569.9921875,18.079999924
1684869357.98245,-1641.638183594,2.119925976,122280.0078125,18.079999924
1684869358.02168,-1662.353271484,2.14881587,122569.9921875,18.079999924
1684869358.06251,-1673.053466797,2.163758993,122719.9921875,18.079999924
1684869358.10297,-1673.053466797,2.163758993,122719.9921875,18.069999695
1684869358.18519,-1662.353271484,2.14881587,122569.9921875,18.079999924
1684869358.22209,-1662.353271484,2.14881587,122569.9921875,18.079999924
1684869358.26245,-1693.709350586,2.192648888,123010,18.069999695
1684869358.30268,-1683.030517578,2.177705765,122860,18.069999695
1684869358.34221,-1673.053466797,2.163758993,122719.9921875,18.069999695
1684869358.38299,-1704.377807617,2.20759201,123160,18.069999695
1684869358.42156,-1704.377807617,2.20759201,123160,18.079999924
1684869358.46103,-1704.377807617,2.20759201,123160,18.069999695
1684869358.50411,-1693.709350586,2.192648888,123010,18.069999695
1684869358.54165,-1704.377807617,2.20759201,123160,18.069999695
1684869358.58383,-1734.904052734,2.250428915,123590,18.069999695
1684869358.622,-1683.030517578,2.177705765,122860,18.069999695
1684869358.6617,-1683.030517578,2.177705765,122860,18.069999695
1684869358.70133,-1693.709350586,2.192648888,123010,18.069999695
1684869358.74277,-1683.030517578,2.177705765,122860,18.069999695
1684869358.7831,-1714.325927734,2.221538782,123300,18.069999695
1684869358.82206,-1724.974853516,2.236481905,123450,18.069999695
1684869358.86198,-1693.709350586,2.192648888,123010,18.069999695
1684869358.90199,-1704.377807617,2.20759201,123160,18.069999695
1684869358.94238,-1714.325927734,2.221538782,123300,18.069999695
1684869358.98351,-1704.377807617,2.20759201,123160,18.069999695
1684869359.02299,-1714.325927734,2.221538782,123300,18.069999695
1684869359.06201,-1734.904052734,2.250428915,123590,18.069999695
1684869359.10157,-1704.377807617,2.20759201,123160,18.069999695
1684869359.1417,-1724.974853516,2.236481905,123450,18.069999695
1684869359.18289,-1683.030517578,2.177705765,122860,18.069999695
1684869359.22246,-1704.377807617,2.20759201,123160,18.059999466
1684869359.26186,-1704.377807617,2.20759201,123160,18.069999695
1684869359.30149,-1704.377807617,2.20759201,123160,18.069999695
1684869359.34137,-1714.325927734,2.221538782,123300,18.069999695
1684869359.38268,-1714.325927734,2.221538782,123300,18.069999695
1684869359.4226,-1724.974853516,2.236481905,123450,18.069999695
1684869359.46269,-1724.974853516,2.236481905,123450,18.069999695
1684869359.50259,-1724.974853516,2.236481905,123450,18.069999695
1684869359.54202,-1714.325927734,2.221538782,123300,18.069999695
1684869359.58219,-1714.325927734,2.221538782,123300,18.069999695
1684869359.62171,-1683.030517578,2.177705765,122860,18.069999695
1684869359.66228,-1735.612426758,2.251425028,123600,18.069999695
1684869359.70205,-1693.709350586,2.192648888,123010,18.069999695
1684869359.74189,-1724.974853516,2.236481905,123450,18.059999466
1684869359.78214,-1704.377807617,2.20759201,123160,18.069999695
1684869359.82274,-1683.030517578,2.177705765,122860,18.069999695
1684869359.86313,-1683.030517578,2.177705765,122860,18.069999695
1684869359.90265,-1714.325927734,2.221538782,123300,18.069999695
1684869359.94241,-1704.377807617,2.20759201,123160,18.059999466
1684869359.98235,-1693.709350586,2.192648888,123010,18.069999695
1684869360.02163,-1693.709350586,2.192648888,123010,18.059999466
1684869360.06133,-1673.053466797,2.163758993,122719.9921875,18.059999466
1684869360.1016,-1652.358032227,2.134869099,122430.0078125,18.069999695
1684869360.14174,-1683.74230957,2.178702116,122869.9921875,18.059999466
1684869360.18213,-1652.358032227,2.134869099,122430.0078125,18.069999695
1684869360.22121,-1652.358032227,2.134869099,122430.0078125,18.069999695
1684869360.26184,-1641.638183594,2.119925976,122280.0078125,18.059999466
1684869360.30271,-1641.638183594,2.119925976,122280.0078125,18.059999466
1684869360.34284,-1673.053466797,2.163758993,122719.9921875,18.059999466
1684869360.3831,-1652.358032227,2.134869099,122430.0078125,18.049999237
1684869360.42252,-1631.622802734,2.105978966,122140,18.059999466
1684869360.46172,-1662.353271484,2.14881587,122569.9921875,18.049999237
1684869360.50147,-1600.085693359,2.062145948,121700,18.059999466
1684869360.54192,-1641.638183594,2.119925976,122280.0078125,18.059999466
1684869360.58272,-1641.638183594,2.119925976,122280.0078125,18.049999237
1684869360.62183,-1610.130249023,2.076092958,121840,18.059999466
1684869360.66196,-1610.130249023,2.076092958,121840,18.049999237
1684869360.70314,-1610.130249023,2.076092958,121840,18.049999237
1684869360.74231,-1600.085693359,2.062145948,121700,18.049999237
1684869360.78266,-1631.622802734,2.105978966,122140,18.049999237
1684869360.82232,-1600.085693359,2.062145948,121700,18.049999237
1684869360.86205,-1620.882324219,2.091035843,121990,18.059999466
1684869360.9022,-1610.130249023,2.076092958,121840,18.049999237
1684869360.94175,-1589.313720703,2.047202826,121550,18.059999466
1684869360.98163,-1600.085693359,2.062145948,121700,18.049999237
1684869361.0216,-1600.085693359,2.062145948,121700,18.049999237
1684869361.06274,-1600.085693359,2.062145948,121700,18.049999237
1684869361.10166,-1557.65246582,2.003369808,121110,18.049999237
1684869361.14222,-1579.249755859,2.033256054,121410,18.049999237
1684869361.18204,-1579.249755859,2.033256054,121410,18.049999237
1684869361.22222,-1557.65246582,2.003369808,121110,18.049999237
1684869361.26263,-1515.776245117,1.9455899,120530.0078125,18.049999237
1684869361.30323,-1504.918701172,1.930646777,120380.0078125,18.049999237
1684869361.34216,-1504.918701172,1.930646777,120380.0078125,18.049999237
1684869361.3819,-1536.73425293,1.974479914,120819.9921875,18.040000916
1684869361.42164,-1451.925415039,1.857923746,119650,18.040000916
1684869361.46164,-1441.732177734,1.843976855,119510,18.040000916
1684869361.5036,-1409.633178711,1.800143838,119069.9921875,18.040000916
1684869361.54252,-1409.633178711,1.800143838,119069.9921875,18.040000916
1684869361.58235,-1388.42578125,1.771253824,118780.0078125,18.040000916
1684869361.62199,-1377.438842773,1.756310821,118630.0078125,18.030000687
1684869361.66249,-1334.852539063,1.698530912,118050,18.040000916
1684869361.70287,-1312.758178711,1.668644667,117750,18.040000916
1684869361.74189,-1291.357421875,1.639754772,117460,18.040000916
1684869361.78193,-1269.912841797,1.610864758,117169.9921875,18.030000687
1684869361.82146,-1237.296630859,1.567031741,116730.0078125,18.040000916
1684869361.86166,-1237.296630859,1.567031741,116730.0078125,18.040000916
1684869361.90204,-1215.744262695,1.538141727,116440,18.040000916
1684869361.94228,-1194.147583008,1.509251714,116150,18.030000687
1684869361.98313,-1172.508056641,1.480361819,115860,18.030000687
1684869362.02198,-1139.591064453,1.436528683,115419.9921875,18.030000687
1684869362.06186,-1128.346679688,1.421585679,115269.9921875,18.030000687
1684869362.10234,-1095.294067383,1.377752542,114830.0078125,18.030000687
1684869362.14251,-1084.755493164,1.363805771,114690,18.030000687
1684869362.18195,-1029.635498047,1.29108274,113960,18.030000687
1684869362.22146,-1029.635498047,1.29108274,113960,18.030000687
1684869362.26191,-984.877380371,1.2323066,113369.9921875,18.030000687
1684869362.30197,-974.229858398,1.218359709,113230.0078125,18.030000687
1684869362.3424,-974.229858398,1.218359709,113230.0078125,18.030000687
1684869362.38282,-962.809570313,1.203416586,113080.0078125,18.030000687
1684869362.42229,-952.139038086,1.189469695,112940,18.030000687
1684869362.46182,-907.052978516,1.130693555,112350,18.030000687
1684869362.50583,-884.821960449,1.101803541,112060,18.030000687
1684869362.54278,-851.002319336,1.057970524,111619.9921875,18.030000687
1684869362.58273,-851.002319336,1.057970524,111619.9921875,18.030000687
1684869362.62231,-828.65435791,1.029080629,111330.0078125,18.030000687
1684869362.66268,-828.65435791,1.029080629,111330.0078125,18.030000687
1684869362.70182,-794.654907227,0.985247493,110890,18.030000687
1684869362.74141,-794.654907227,0.985247493,110890,18.030000687
1684869362.78128,-794.654907227,0.985247493,110890,18.030000687
1684869362.82282,-783.813964844,0.971300662,110750,18.030000687
1684869362.8628,-760.54699707,0.941414475,110450,18.030000687
1684869362.90238,-760.54699707,0.941414475,110450,18.030000687
1684869362.94189,-715.416748047,0.883634508,109869.9921875,18.030000687
1684869362.98202,-715.416748047,0.883634508,109869.9921875,18.030000687
1684869363.02284,-692.780639648,0.854744554,109580.0078125,18.030000687
1684869363.06258,-703.714233398,0.868691444,109719.9921875,18.040000916
1684869363.10262,-715.416748047,0.883634508,109869.9921875,18.040000916
1684869363.14162,-670.095092773,0.825854599,109290,18.030000687
1684869363.18177,-670.095092773,0.825854599,109290,18.030000687
1684869363.22211,-646.575439453,0.795968413,108990,18.040000916
1684869363.26335,-635.581604004,0.782021523,108850,18.030000687
1684869363.30315,-611.984924316,0.752135336,108550,18.040000916
1684869363.34196,-635.581604004,0.782021523,108850,18.040000916
1684869363.38149,-611.984924316,0.752135336,108550,18.040000916
1684869363.42285,-589.125,0.723245382,108260,18.049999237
1684869363.4627,-623.790344238,0.767078459,108700,18.040000916
1684869363.50318,-623.790344238,0.767078459,108700,18.040000916
1684869363.54223,-589.125,0.723245382,108260,18.049999237
1684869363.58171,-554.345336914,0.679412365,107819.9921875,18.040000916
1684869363.62105,-578.071105957,0.709298491,108119.9921875,18.049999237
1684869363.66201,-554.345336914,0.679412365,107819.9921875,18.049999237
1684869363.70287,-520.246337891,0.63657552,107390,18.049999237
1684869363.74282,-508.325317383,0.621632397,107240,18.059999466
1684869363.78257,-554.345336914,0.679412365,107819.9921875,18.059999466
1684869363.82195,-519.452514648,0.635579288,107380.0078125,18.059999466
1684869363.86164,-496.389831543,0.606689334,107090,18.059999466
1684869363.9028,-508.325317383,0.621632397,107240,18.069999695
1684869363.94247,-496.389831543,0.606689334,107090,18.069999695
1684869363.98205,-496.389831543,0.606689334,107090,18.069999695
1684869364.02167,-450.114318848,0.548909366,106510,18.069999695
1684869364.06207,-438.112609863,0.533966303,106360,18.069999695
1684869364.10279,-461.303161621,0.562856257,106650,18.069999695
1684869364.14244,-438.112609863,0.533966303,106360,18.069999695
1684869364.18368,-414.871734619,0.505076349,106069.9921875,18.069999695
1684869364.22244,-414.871734619,0.505076349,106069.9921875,18.069999695
1684869364.26193,-414.871734619,0.505076349,106069.9921875,18.069999695
1684869364.30259,-414.871734619,0.505076349,106069.9921875,18.069999695
1684869364.34177,-402.830657959,0.490133256,105919.9921875,18.069999695
1684869364.38177,-367.429840088,0.446300179,105480.0078125,18.079999924
1684869364.42196,-367.429840088,0.446300179,105480.0078125,18.079999924
1684869364.46177,-379.511535645,0.461243272,105630.0078125,18.079999924
1684869364.50162,-379.511535645,0.461243272,105630.0078125,18.079999924
1684869364.54215,-344.031890869,0.417410225,105190,18.079999924
1684869364.58228,-356.140533447,0.432353318,105340,18.079999924
1684869364.62246,-331.90927124,0.402467132,105040,18.090000153
1684869364.66261,-308.430877686,0.373577178,104750,18.090000153
1684869364.70252,-320.581634521,0.388520241,104900,18.090000153
1684869364.742,-320.581634521,0.388520241,104900,18.069999695
1684869364.782,-308.430877686,0.373577178,104750,18.090000153
1684869364.8215,-261.317749023,0.31579724,104169.9921875,18.090000153
1684869364.86169,-261.317749023,0.31579724,104169.9921875,18.090000153
1684869364.90401,-272.709564209,0.329744101,104310,18.100000381
1684869364.94298,-261.317749023,0.31579724,104169.9921875,18.100000381
1684869364.98249,-225.435134888,0.271964192,103730.0078125,18.100000381
1684869365.0224,-237.681488037,0.286907256,103880.0078125,18.100000381
1684869365.06213,-237.681488037,0.286907256,103880.0078125,18.100000381
1684869365.10379,-249.098052979,0.300854146,104019.9921875,18.100000381
1684869365.14211,-225.435134888,0.271964192,103730.0078125,18.100000381
1684869365.18197,-213.174438477,0.257021099,103580.0078125,18.11000061
1684869365.22179,-236.86505127,0.285911053,103869.9921875,18.11000061
1684869365.26173,-201.717605591,0.243074208,103440,18.11000061
1684869365.30141,-213.174438477,0.257021099,103580.0078125,18.11000061
1684869365.34138,-213.174438477,0.257021099,103580.0078125,18.11000061
1684869365.38251,-189.428085327,0.22813113,103290,18.11000061
1684869365.4222,-213.174438477,0.257021099,103580.0078125,18.11000061
1684869365.46212,-213.174438477,0.257021099,103580.0078125,18.11000061
1684869365.50272,-177.125076294,0.213188037,103140,18.11000061
1684869365.54176,-153.297592163,0.184298068,102850,18.11000061
1684869365.58264,-201.717605591,0.243074208,103440,18.11000061
1684869365.62164,-165.628662109,0.199241161,103000,18.11000061
1684869365.66267,-177.125076294,0.213188037,103140,18.120000839
1684869365.70243,-153.297592163,0.184298068,102850,18.120000839
1684869365.74183,-165.628662109,0.199241161,103000,18.120000839
1684869365.78278,-129.414657593,0.155408099,102560,18.120000839
1684869365.82289,-165.628662109,0.199241161,103000,18.120000839
1684869365.86276,-153.297592163,0.184298068,102850,18.120000839
1684869365.90293,-153.297592163,0.184298068,102850,18.120000839
1684869365.94211,-129.414657593,0.155408099,102560,18.129999161
1684869365.9833,-153.297592163,0.184298068,102850,18.129999161
1684869366.02308,-165.628662109,0.199241161,103000,18.129999161
1684869366.06253,-189.428085327,0.22813113,103290,18.129999161
1684869366.10464,-165.628662109,0.199241161,103000,18.129999161
1684869366.14137,-177.125076294,0.213188037,103140,18.13999939
1684869366.18125,-153.297592163,0.184298068,102850,18.13999939
1684869366.22112,-189.428085327,0.22813113,103290,18.13999939
1684869366.26319,-165.628662109,0.199241161,103000,18.13999939
1684869366.30537,-200.898361206,0.242078006,103430.0078125,18.13999939
1684869366.34191,-200.898361206,0.242078006,103430.0078125,18.13999939
1684869366.38165,-200.898361206,0.242078006,103430.0078125,18.129999161
1684869366.42193,-200.898361206,0.242078006,103430.0078125,18.13999939
1684869366.46323,-200.898361206,0.242078006,103430.0078125,18.13999939
1684869366.50333,-213.174438477,0.257021099,103580.0078125,18.13999939
1684869366.54159,-189.428085327,0.22813113,103290,18.129999161
1684869366.58138,-189.428085327,0.22813113,103290,18.13999939
1684869366.62149,-177.125076294,0.213188037,103140,18.13999939
1684869366.66257,-200.898361206,0.242078006,103430.0078125,18.149999619
1684869366.70357,-200.898361206,0.242078006,103430.0078125,18.149999619
1684869366.74274,-224.617736816,0.27096796,103719.9921875,18.149999619
1684869366.78237,-213.174438477,0.257021099,103580.0078125,18.149999619
1684869366.82144,-224.617736816,0.27096796,103719.9921875,18.149999619
1684869366.86169,-225.435134888,0.271964192,103730.0078125,18.13999939
1684869366.90355,-224.617736816,0.27096796,103719.9921875,18.149999619
1684869366.94281,-224.617736816,0.27096796,103719.9921875,18.149999619
1684869366.98253,-224.617736816,0.27096796,103719.9921875,18.149999619
1684869367.02111,-224.617736816,0.27096796,103719.9921875,18.149999619
1684869367.06124,-200.898361206,0.242078006,103430.0078125,18.149999619
1684869367.10173,-249.098052979,0.300854146,104019.9921875,18.149999619
1684869367.14215,-213.174438477,0.257021099,103580.0078125,18.149999619
1684869367.18297,-200.898361206,0.242078006,103430.0078125,18.149999619
1684869367.2227,-200.898361206,0.242078006,103430.0078125,18.149999619
1684869367.26241,-224.617736816,0.27096796,103719.9921875,18.149999619
1684869367.30286,-224.617736816,0.27096796,103719.9921875,18.149999619
1684869367.34154,-213.174438477,0.257021099,103580.0078125,18.149999619
1684869367.38168,-213.174438477,0.257021099,103580.0078125,18.149999619
1684869367.42238,-224.617736816,0.27096796,103719.9921875,18.159999847
1684869367.46209,-224.617736816,0.27096796,103719.9921875,18.159999847
1684869367.5028,-224.617736816,0.27096796,103719.9921875,18.159999847
1684869367.54228,-200.898361206,0.242078006,103430.0078125,18.149999619
1684869367.5822,-213.174438477,0.257021099,103580.0078125,18.159999847
1684869367.62254,-189.428085327,0.22813113,103290,18.149999619
1684869367.66226,-189.428085327,0.22813113,103290,18.159999847
1684869367.70248,-189.428085327,0.22813113,103290,18.159999847
1684869367.7417,-200.898361206,0.242078006,103430.0078125,18.149999619
1684869367.78182,-189.428085327,0.22813113,103290,18.149999619
1684869367.8217,-189.428085327,0.22813113,103290,18.159999847
1684869367.86138,-177.125076294,0.213188037,103140,18.149999619
1684869367.90357,-200.898361206,0.242078006,103430.0078125,18.159999847
1684869367.94128,-177.125076294,0.213188037,103140,18.159999847
1684869367.98162,-164.807571411,0.198244944,102990,18.159999847
1684869368.02193,-153.297592163,0.184298068,102850,18.159999847
1684869368.06184,-164.807571411,0.198244944,102990,18.159999847
1684869368.10307,-153.297592163,0.184298068,102850,18.159999847
1684869368.14201,-153.297592163,0.184298068,102850,18.170000076
1684869368.18205,-164.807571411,0.198244944,102990,18.170000076
1684869368.22146,-153.297592163,0.184298068,102850,18.170000076
1684869368.26181,-140.950973511,0.16935499,102700,18.170000076
1684869368.30194,-140.950973511,0.16935499,102700,18.170000076
1684869368.34278,-164.807571411,0.198244944,102990,18.170000076
1684869368.38242,-140.950973511,0.16935499,102700,18.170000076
1684869368.42225,-164.807571411,0.198244944,102990,18.170000076
1684869368.46216,-104.652145386,0.125521928,102260,18.159999847
1684869368.5032,-117.040748596,0.140465021,102410,18.170000076
1684869368.5449,-128.59072876,0.154411897,102550,18.170000076
1684869368.58192,-140.950973511,0.16935499,102700,18.170000076
1684869368.62146,-153.297592163,0.184298068,102850,18.170000076
1684869368.66199,-117.040748596,0.140465021,102410,18.180000305
1684869368.70222,-104.652145386,0.125521928,102260,18.180000305
1684869368.74139,-128.59072876,0.154411897,102550,18.170000076
1684869368.78178,-128.59072876,0.154411897,102550,18.180000305
1684869368.82316,-153.297592163,0.184298068,102850,18.180000305
1684869368.86224,-140.950973511,0.16935499,102700,18.170000076
1684869368.90202,-153.297592163,0.184298068,102850,18.170000076
1684869368.94215,-104.652145386,0.125521928,102260,18.180000305
1684869368.98214,-153.297592163,0.184298068,102850,18.170000076
1684869369.02195,-153.297592163,0.184298068,102850,18.170000076
1684869369.06166,-153.297592163,0.184298068,102850,18.170000076
1684869369.10214,-153.297592163,0.184298068,102850,18.180000305
1684869369.14147,-153.297592163,0.184298068,102850,18.180000305
1684869369.18206,-153.297592163,0.184298068,102850,18.180000305
1684869369.22348,-164.807571411,0.198244944,102990,18.180000305
1684869369.26296,-177.125076294,0.213188037,103140,18.180000305
1684869369.30258,-128.59072876,0.154411897,102550,18.170000076
1684869369.34212,-177.125076294,0.213188037,103140,18.180000305
1684869369.38241,-140.950973511,0.16935499,102700,18.180000305
1684869369.42291,-177.125076294,0.213188037,103140,18.190000534
1684869369.46285,-164.807571411,0.198244944,102990,18.180000305
1684869369.50209,-177.125076294,0.213188037,103140,18.190000534
1684869369.54157,-177.125076294,0.213188037,103140,18.190000534
1684869369.58152,-188.608856201,0.227134913,103280.0078125,18.170000076
1684869369.62121,-188.608856201,0.227134913,103280.0078125,18.180000305
1684869369.66175,-200.898361206,0.242078006,103430.0078125,18.190000534
1684869369.70325,-164.807571411,0.198244944,102990,18.180000305
1684869369.7425,-177.125076294,0.213188037,103140,18.190000534
1684869369.7818,-164.807571411,0.198244944,102990,18.190000534
1684869369.8215,-164.807571411,0.198244944,102990,18.190000534
1684869369.86298,-200.898361206,0.242078006,103430.0078125,18.200000763
1684869369.90283,-177.125076294,0.213188037,103140,18.180000305
1684869369.94216,-213.174438477,0.257021099,103580.0078125,18.190000534
1684869369.98185,-164.807571411,0.198244944,102990,18.180000305
1684869370.02144,-224.617736816,0.27096796,103719.9921875,18.170000076
1684869370.06242,-200.898361206,0.242078006,103430.0078125,18.190000534
1684869370.105,-213.174438477,0.257021099,103580.0078125,18.190000534
1684869370.14276,-200.898361206,0.242078006,103430.0078125,18.180000305
1684869370.18209,-248.283477783,0.299857944,104010,18.180000305
1684869370.22144,-213.174438477,0.257021099,103580.0078125,18.190000534
1684869370.26257,-188.608856201,0.227134913,103280.0078125,18.180000305
1684869370.30311,-213.174438477,0.257021099,103580.0078125,18.190000534
1684869370.34243,-177.125076294,0.213188037,103140,18.190000534
1684869370.38206,-236.86505127,0.285911053,103869.9921875,18.200000763
1684869370.42134,-200.898361206,0.242078006,103430.0078125,18.200000763
1684869370.46112,-212.355102539,0.256024897,103569.9921875,18.200000763
1684869370.50229,-213.174438477,0.257021099,103580.0078125,18.190000534
1684869370.54188,-213.174438477,0.257021099,103580.0078125,18.190000534
1684869370.58334,-213.174438477,0.257021099,103580.0078125,18.190000534
1684869370.62253,-213.174438477,0.257021099,103580.0078125,18.190000534
1684869370.66222,-236.86505127,0.285911053,103869.9921875,18.200000763
1684869370.70206,-224.617736816,0.27096796,103719.9921875,18.200000763
1684869370.74207,-224.617736816,0.27096796,103719.9921875,18.200000763
1684869370.78264,-200.898361206,0.242078006,103430.0078125,18.190000534
1684869370.82212,-213.174438477,0.257021099,103580.0078125,18.180000305
1684869370.86206,-213.174438477,0.257021099,103580.0078125,18.180000305
1684869370.90152,-236.86505127,0.285911053,103869.9921875,18.200000763
1684869370.9421,-188.608856201,0.227134913,103280.0078125,18.190000534
1684869370.98257,-200.898361206,0.242078006,103430.0078125,18.200000763
1684869371.02217,-212.355102539,0.256024897,103569.9921875,18.200000763
1684869371.06222,-188.608856201,0.227134913,103280.0078125,18.200000763
1684869371.10202,-188.608856201,0.227134913,103280.0078125,18.200000763
1684869371.14159,-177.125076294,0.213188037,103140,18.200000763
1684869371.18213,-177.125076294,0.213188037,103140,18.200000763
1684869371.22167,-140.950973511,0.16935499,102700,18.200000763
1684869371.26173,-177.125076294,0.213188037,103140,18.200000763
1684869371.30164,-188.608856201,0.227134913,103280.0078125,18.200000763
1684869371.34144,-177.125076294,0.213188037,103140,18.200000763
1684869371.38181,-177.125076294,0.213188037,103140,18.200000763
1684869371.42216,-164.807571411,0.198244944,102990,18.209999084
1684869371.46182,-140.950973511,0.16935499,102700,18.200000763
1684869371.50227,-177.125076294,0.213188037,103140,18.200000763
1684869371.54212,-92.247825623,0.110578842,102110,18.190000534
1684869371.58163,-152.47454834,0.183301866,102840,18.200000763
1684869371.62154,-104.652145386,0.125521928,102260,18.200000763
1684869371.66274,-140.950973511,0.16935499,102700,18.200000763
1684869371.70155,-116.215827942,0.139468804,102400,18.200000763
1684869371.74275,-152.47454834,0.183301866,102840,18.200000763
1684869371.78208,-116.215827942,0.139468804,102400,18.200000763
1684869371.82213,-152.47454834,0.183301866,102840,18.200000763
1684869371.86242,-128.59072876,0.154411897,102550,18.190000534
1684869371.90255,-117.040748596,0.140465021,102410,18.200000763
1684869371.9424,-92.247825623,0.110578842,102110,18.200000763
1684869371.98189,-117.040748596,0.140465021,102410,18.200000763
1684869372.02172,-104.652145386,0.125521928,102260,18.200000763
1684869372.06181,-80.658538818,0.096631959,101970,18.200000763
1684869372.10173,-80.658538818,0.096631959,101970,18.200000763
1684869372.14142,-68.226638794,0.081688873,101820,18.200000763
1684869372.18201,-68.226638794,0.081688873,101820,18.200000763
1684869372.22288,-104.652145386,0.125521928,102260,18.200000763
1684869372.26244,-104.652145386,0.125521928,102260,18.180000305
1684869372.30205,-68.226638794,0.081688873,101820,18.200000763
1684869372.3423,-80.658538818,0.096631959,101970,18.209999084
1684869372.38229,-128.59072876,0.154411897,102550,18.209999084
1684869372.42301,-140.950973511,0.16935499,102700,18.209999084
1684869372.46168,-55.778903961,0.066745788,101670,18.200000763
1684869372.50197,-55.778903961,0.066745788,101670,18.209999084
1684869372.54179,-92.247825623,0.110578842,102110,18.209999084
1684869372.58171,-56.609615326,0.06774199,101680,18.200000763
1684869372.62273,-55.778903961,0.066745788,101670,18.209999084
1684869372.663,-44.147994995,0.052798908,101530,18.200000763
1684869372.70248,-68.226638794,0.081688873,101820,18.209999084
1684869372.74175,-55.778903961,0.066745788,101670,18.200000763
1684869372.78232,-44.147994995,0.052798908,101530,18.219999313
1684869372.82311,-68.226638794,0.081688873,101820,18.200000763
1684869372.86268,-44.147994995,0.052798908,101530,18.200000763
1684869372.90237,-55.778903961,0.066745788,101670,18.209999084
1684869372.94178,-31.672456741,0.037855819,101380,18.200000763
1684869372.98124,-31.672456741,0.037855819,101380,18.200000763
1684869373.02137,-44.147994995,0.052798908,101530,18.209999084
1684869373.06125,-20.01559639,0.023908939,101240,18.200000763
1684869373.10293,-31.672456741,0.037855819,101380,18.219999313
1684869373.1423,-55.778903961,0.066745788,101670,18.209999084
1684869373.18183,-44.147994995,0.052798908,101530,18.200000763
1684869373.22151,-7.510106564,0.008965852,101090,18.209999084
1684869373.2628,-7.510106564,0.008965852,101090,18.200000763
1684869373.30304,-19.181962967,0.022912733,101230,18.219999313
1684869373.34284,5.009413242,-0.005977235,100940,18.200000763
1684869373.38235,-7.510106564,0.008965852,101090,18.219999313
1684869373.4218,-19.181962967,0.022912733,101230,18.219999313
1684869373.46209,-55.778903961,0.066745788,101670,18.209999084
1684869373.50285,-44.147994995,0.052798908,101530,18.209999084
1684869373.54337,-7.510106564,0.008965852,101090,18.200000763
1684869373.58273,-31.672456741,0.037855819,101380,18.219999313
1684869373.62207,53.561992645,-0.063757166,100360,18.219999313
1684869373.66206,41.821990967,-0.04981029,100500,18.219999313
1684869373.7026,29.257637024,-0.034867201,100650,18.219999313
1684869373.7427,5.009413242,-0.005977235,100940,18.209999084
1684869373.78231,5.009413242,-0.005977235,100940,18.209999084
1684869373.82192,-44.147994995,0.052798908,101530,18.219999313
1684869373.86128,16.708433151,-0.019924115,100800,18.209999084
1684869373.90124,29.257637024,-0.034867201,100650,18.219999313
1684869373.94186,16.708433151,-0.019924115,100800,18.219999313
1684869373.98254,-68.226638794,0.081688873,101820,18.219999313
1684869374.02262,5.009413242,-0.005977235,100940,18.229999542
1684869374.06245,5.009413242,-0.005977235,100940,18.209999084
1684869374.10225,29.257637024,-0.034867201,100650,18.209999084
1684869374.14154,29.257637024,-0.034867201,100650,18.219999313
1684869374.18218,29.257637024,-0.034867201,100650,18.219999313
1684869374.22199,-7.510106564,0.008965852,101090,18.229999542
1684869374.26232,29.257637024,-0.034867201,100650,18.209999084
1684869374.30201,29.257637024,-0.034867201,100650,18.209999084
1684869374.34173,5.009413242,-0.005977235,100940,18.219999313
1684869374.38218,29.257637024,-0.034867201,100650,18.219999313
1684869374.42258,41.821990967,-0.04981029,100500,18.219999313
1684869374.46336,29.257637024,-0.034867201,100650,18.219999313
1684869374.50246,16.708433151,-0.019924115,100800,18.219999313
1684869374.54197,53.561992645,-0.063757166,100360,18.219999313
1684869374.58173,53.561992645,-0.063757166,100360,18.219999313
1684869374.62182,29.257637024,-0.034867201,100650,18.229999542
1684869374.66209,53.561992645,-0.063757166,100360,18.219999313
1684869374.70339,29.257637024,-0.034867201,100650,18.219999313
1684869374.74283,41.821990967,-0.04981029,100500,18.219999313
1684869374.78236,53.561992645,-0.063757166,100360,18.219999313
1684869374.82222,66.155761719,-0.078700259,100210,18.219999313
1684869374.86202,29.257637024,-0.034867201,100650,18.219999313
1684869374.90175,29.257637024,-0.034867201,100650,18.229999542
1684869374.94268,53.561992645,-0.063757166,100360,18.229999542
1684869374.98217,41.821990967,-0.04981029,100500,18.229999542
1684869375.02168,53.561992645,-0.063757166,100360,18.219999313
1684869375.06146,5.009413242,-0.005977235,100940,18.209999084
1684869375.10175,41.821990967,-0.04981029,100500,18.229999542
1684869375.14189,66.155761719,-0.078700259,100210,18.229999542
1684869375.18263,41.821990967,-0.04981029,100500,18.229999542
1684869375.22238,16.708433151,-0.019924115,100800,18.219999313
1684869375.26233,41.821990967,-0.04981029,100500,18.229999542
1684869375.30173,41.821990967,-0.04981029,100500,18.219999313
1684869375.34194,-19.181962967,0.022912733,101230,18.219999313
1684869375.38271,16.708433151,-0.019924115,100800,18.219999313
1684869375.4213,16.708433151,-0.019924115,100800,18.219999313
1684869375.4618,41.821990967,-0.04981029,100500,18.219999313
1684869375.50165,41.821990967,-0.04981029,100500,18.229999542
1684869375.54168,41.821990967,-0.04981029,100500,18.229999542
1684869375.58149,5.009413242,-0.005977235,100940,18.229999542
1684869375.62203,66.155761719,-0.078700259,100210,18.219999313
1684869375.663,29.257637024,-0.034867201,100650,18.239999771
1684869375.70244,41.821990967,-0.04981029,100500,18.229999542
1684869375.74173,16.708433151,-0.019924115,100800,18.219999313
1684869375.78206,29.257637024,-0.034867201,100650,18.229999542
1684869375.82182,66.155761719,-0.078700259,100210,18.229999542
1684869375.86283,-7.510106564,0.008965852,101090,18.229999542
1684869375.90147,41.821990967,-0.04981029,100500,18.229999542
1684869375.94163,5.009413242,-0.005977235,100940,18.219999313
1684869375.98155,53.561992645,-0.063757166,100360,18.229999542
1684869376.02198,41.821990967,-0.04981029,100500,18.229999542
1684869376.06317,-7.510106564,0.008965852,101090,18.239999771
1684869376.10274,29.257637024,-0.034867201,100650,18.229999542
1684869376.14209,-7.510106564,0.008965852,101090,18.229999542
1684869376.18165,5.009413242,-0.005977235,100940,18.219999313
1684869376.22277,5.009413242,-0.005977235,100940,18.219999313
1684869376.26257,-19.181962967,0.022912733,101230,18.219999313
1684869376.30288,29.257637024,-0.034867201,100650,18.229999542
1684869376.34161,77.923278809,-0.092647135,100070,18.219999313
1684869376.38171,5.009413242,-0.005977235,100940,18.219999313
1684869376.42148,53.561992645,-0.063757166,100360,18.209999084
1684869376.46093,29.257637024,-0.034867201,100650,18.229999542
1684869376.50316,16.708433151,-0.019924115,100800,18.229999542
1684869376.54297,-19.181962967,0.022912733,101230,18.229999542
1684869376.58238,41.821990967,-0.04981029,100500,18.219999313
1684869376.62178,78.764801025,-0.093643345,100060,18.229999542
1684869376.70272,16.708433151,-0.019924115,100800,18.229999542
1684869376.74252,16.708433151,-0.019924115,100800,18.209999084
1684869376.78226,16.708433151,-0.019924115,100800,18.219999313
1684869376.82159,29.257637024,-0.034867201,100650,18.219999313
1684869376.86138,90.546615601,-0.107590221,99920,18.219999313
1684869376.90212,41.821990967,-0.04981029,100500,18.229999542
1684869376.94287,53.561992645,-0.063757166,100360,18.229999542
1684869376.98268,66.155761719,-0.078700259,100210,18.229999542
1684869377.02217,66.155761719,-0.078700259,100210,18.229999542
1684869377.06191,29.257637024,-0.034867201,100650,18.239999771
1684869377.10155,16.708433151,-0.019924115,100800,18.200000763
1684869377.14281,41.821990967,-0.04981029,100500,18.229999542
1684869377.18259,53.561992645,-0.063757166,100360,18.209999084
1684869377.22212,41.821990967,-0.04981029,100500,18.219999313
1684869377.26183,66.155761719,-0.078700259,100210,18.219999313
1684869377.30231,29.257637024,-0.034867201,100650,18.219999313
1684869377.34197,53.561992645,-0.063757166,100360,18.219999313
1684869377.38273,16.708433151,-0.019924115,100800,18.219999313
1684869377.42316,41.821990967,-0.04981029,100500,18.219999313
1684869377.46232,53.561992645,-0.063757166,100360,18.229999542
1684869377.50187,41.821990967,-0.04981029,100500,18.209999084
1684869377.54158,16.708433151,-0.019924115,100800,18.229999542
1684869377.58152,127.663345337,-0.151423275,99480,18.219999313
1684869377.62229,90.546615601,-0.107590221,99920,18.219999313
1684869377.66327,-7.510106564,0.008965852,101090,18.219999313
1684869377.70176,16.708433151,-0.019924115,100800,18.219999313
1684869377.74165,41.821990967,-0.04981029,100500,18.219999313
1684869377.78268,41.821990967,-0.04981029,100500,18.229999542
1684869377.82317,41.821990967,-0.04981029,100500,18.229999542
1684869377.8622,53.561992645,-0.063757166,100360,18.219999313
1684869377.90306,16.708433151,-0.019924115,100800,18.219999313
1684869377.94158,66.155761719,-0.078700259,100210,18.219999313
1684869377.98161,41.821990967,-0.04981029,100500,18.229999542
1684869378.02144,41.821990967,-0.04981029,100500,18.219999313
1684869378.06227,41.821990967,-0.04981029,100500,18.229999542
1684869378.10166,29.257637024,-0.034867201,100650,18.219999313
1684869378.1413,66.155761719,-0.078700259,100210,18.229999542
1684869378.18127,41.821990967,-0.04981029,100500,18.219999313
1684869378.22221,78.764801025,-0.093643345,100060,18.229999542
1684869378.26296,16.708433151,-0.019924115,100800,18.209999084
1684869378.30275,-7.510106564,0.008965852,101090,18.209999084
1684869378.34264,41.821990967,-0.04981029,100500,18.219999313
1684869378.38171,-31.672456741,0.037855819,101380,18.229999542
1684869378.42156,90.546615601,-0.107590221,99920,18.219999313
1684869378.46145,29.257637024,-0.034867201,100650,18.219999313
1684869378.5016,53.561992645,-0.063757166,100360,18.219999313
1684869378.54214,29.257637024,-0.034867201,100650,18.219999313
1684869378.58149,29.257637024,-0.034867201,100650,18.219999313
1684869378.62169,53.561992645,-0.063757166,100360,18.219999313
1684869378.66213,53.561992645,-0.063757166,100360,18.219999313
1684869378.70342,90.546615601,-0.107590221,99920,18.209999084
1684869378.74309,16.708433151,-0.019924115,100800,18.219999313
1684869378.78249,41.821990967,-0.04981029,100500,18.209999084
1684869378.82235,53.561992645,-0.063757166,100360,18.229999542
1684869378.86158,53.561992645,-0.063757166,100360,18.229999542
1684869378.90146,90.546615601,-0.107590221,99920,18.229999542
1684869378.94165,41.821990967,-0.04981029,100500,18.219999313
1684869378.98139,16.708433151,-0.019924115,100800,18.229999542
1684869379.02095,66.155761719,-0.078700259,100210,18.219999313
1684869379.06125,5.009413242,-0.005977235,100940,18.219999313
1684869379.10208,41.821990967,-0.04981029,100500,18.219999313
1684869379.14217,103.184791565,-0.122533314,99770,18.229999542
1684869379.18268,16.708433151,-0.019924115,100800,18.209999084
1684869379.22256,53.561992645,-0.063757166,100360,18.219999313
1684869379.26236,29.257637024,-0.034867201,100650,18.219999313
1684869379.30189,5.009413242,-0.005977235,100940,18.229999542
1684869379.34166,29.257637024,-0.034867201,100650,18.219999313
1684869379.38168,29.257637024,-0.034867201,100650,18.219999313
1684869379.42205,41.821990967,-0.04981029,100500,18.219999313
1684869379.46195,29.257637024,-0.034867201,100650,18.219999313
1684869379.50216,41.821990967,-0.04981029,100500,18.219999313
1684869379.5422,90.546615601,-0.107590221,99920,18.229999542
1684869379.58208,53.561992645,-0.063757166,100360,18.219999313
1684869379.6224,41.821990967,-0.04981029,100500,18.229999542
